sgRNA,indel
GAAGGGCGGCGAGAAGGAGAAGG,0.286080189
GAGAACGGAAAGGAGAAGGGCGG,0.400080189
GAGAAGGGTGATACGGAGAACGG,0.282832665
GTCTCCGGCCATAATGACCCAGG,0.171694609
GGAGGAGAAGATGCCCGGTGCGG,0.429027022
TGTACTTCATCACTATCTCCCGG,0.232508903
GAGAACAGGGTACGATAACCGGG,0.357380502
ACGCACGGACGTGTCCCAGGAGG,0.364194797
CGGCACATCGTAGAGACGCACGG,0.427673668
ATGTGCCGGCCAACTCCATGCGG,0.353099123
TTGAGCCGCATGGAGTTGGCCGG,0.226741631
GGAGTTGATTGAGCCAACACTGG,0.318252226
CAGAACCGCATGAGGGAAAGAGG,0.155223762
AGAGGAAAGTGGAATCTCTGTGG,0.213590032
GAGGAACTCGAGGCCGAGCATGG,0.291122195
AGTGGAACTTGCCTGTGCTGCGG,0.212331725
TTCCGCAGACCTCCGCGCTCTGG,0.187092101
GAGGAGCTGCCAGAGCGCGGAGG,0.409827273
GTGGCGAGAGCACACGGAAGAGG,0.406094233
CAGGGAGTGGCGAGAGCACACGG,0.263289468
CGCCTTGGCATCGCTCGCCCTGG,0.22406627
TAGTGCTGACTTCACCAAGCGGG,0.269424389
TGCAGGGCATGTGATATATGTGG,0.181284327
GCTGCCGATGCTGTAGAGGATGG,0.216140001
CGATGCTGTAGAGGATGGAGAGG,0.246359812
GGATGGAGAGGAAGCCGCTCTGG,0.342911913
CGGCCTGCAGCTGTTCCGCCAGG,0.219786145
GCTGTTCCGCCAGGTTGCTGAGG,0.428538997
GGTTGCTGAGGGAGGACAGGAGG,0.345350408
CCTGTGGCAGAGTGCCCTGCGGG,0.317065267
TGGAGGAGCAGCAGGGCCTGTGG,0.256159687
CCCGTGGTGGAGGAGCAGCAGGG,0.378771975
GCCTCCTGCACGGCAAGCAGAGG,0.465813355
AGCAGAAGATGACTCAAGACCGG,0.201976445
TCAGCGACAGTATGACGAGATGG,0.193085831
TCACTCACCAAGGGCCGCGCCGG,0.163929468
TCTGCACTGTCACTGCGCTGCGG,0.319563073
CGTGTGAGAATCCCTAAGGCGGG,0.236097367
TTCCACGGCTCCAGGCCCGGCGG,0.268168715
GGAGCGGCAGCGGGCACAGGAGG,0.340809217
AACACGGCCAAAGGATTGAGTGG,0.265324828
GGAACATGGCGGAGCGCGGCAGG,0.180068653
AGTGCTGTGGCCTTGCTGGTGGG,0.175746019
AGATGAGCAGGACTCAGAGGAGG,0.169800941
AATCTTCCGGACGACCGGCATGG,0.334232289
GGGTACCCGGGCTATGGCGCCGG,0.400850847
CACAGAGGGCAGCGCTGCGCCGG,0.194826897
AGAAGGTCTGGCGGCACAGAGGG,0.331773355
CGCGACCACAGAAGAAGGTCTGG,0.186037179
TTTACAGCCGCAAGCACCAGCGG,0.351817493
TCAGCTGCCGCTGGTGCTTGCGG,0.309324452
GCACCAGCGGCAGCTGAAGGAGG,0.311229656
GCGGCAGCTGAAGGAGGCTTTGG,0.34465511
ATCATTGGTTACCATAAGAGAGG,0.186290471
TCATCCACAGACCATCATAGCGG,0.344906897
TTCTCTCCAACCCGCTATGATGG,0.246051098
GGGTTGGAGAGAAGCCACGAAGG,0.391246458
CATGAGAGTGATACCTTTGGCGG,0.521058872
AGCAACATTTCCGCCGCCAAAGG,0.237187524
TTGCTGAAGCGGATCTGGGCTGG,0.160824765
GGATCTGGGCTGGCTTGTCGCGG,0.28426464
TGGCTTGTCGCGGTCCTGATAGG,0.299893229
GGGTGCCACATTCTCGGGCATGG,0.199294483
GGCCGCGCTGAGCTCACTCCGGG,0.361953668
TTCTGCCCTAGGATAACGCTGGG,0.237427148
GCGCAGCACCCAGGGTTCGGAGG,0.339418245
TGGATCGCGCGCAGCACCCAGGG,0.303635549
GCGCGCGATCCACCGCACGACGG,0.407513292
CGGTCGCAGCCGTCGTGCGGTGG,0.213451098
GCTGCTGCGAGAAGAGGTGTCGG,0.380795925
GGAGTCGCTGCTGCGAGAAGAGG,0.416172602
CGGCAGCTGGAGGATGAAGAAGG,0.25762301
TTCACTGCCAGTTCTCCGCGTGG,0.315927838
ACGGGTACCACGCGGAGAACTGG,0.293022383
TCGGAAGAACGGGTACCACGCGG,0.303008339
TCCGAGGCGTTACCATCAAGAGG,0.248097994
TCCACTTCCTCAGAATGTGAAGG,0.282534734
GCGCCGCCATGAACCTAGAGCGG,0.455337818
CCATGAACCTAGAGCGGCTGCGG,0.245980001
CGTCCGGCAGTACCTCGACCAGG,0.264081317
AAAGTAGCTTCACTCTCTCGTGG,0.204659499
TCGTGACCGAAGTGCATGGGCGG,0.313526458
CGAGTCGTACTGCTTTGCCATGG,0.18929511
GCAGGGAGGTGTTCAAGGCCAGG,0.214244703
AAGGCCAGGCACCGCAAGACCGG,0.281111286
GCACCGCAAGACCGGCCAGAAGG,0.560349563
TGATGCAACCTATGAGACCAAGG,0.154066019
CATCTTGACAAAGGTGGCGTAGG,0.2871237
GGAGGTGAAGAAGCGCAAGAAGG,0.180181631
ATAATATGTTACAGAACCACAGG,0.220899248
TGTCACTGATTCCAATGCAGTGG,0.264554797
TGTGGAAAGCAAGGTTAAGTGGG,0.20298301
TGTAAAGGGTACCAGTGCCGAGG,0.161728841
AACGGGAAGGGCCTCGGCACTGG,0.485471411
GAGGCTGTGCTGAACGGGAAGGG,0.331250972
GCGGCAGCAGCCAGACACTGAGG,0.226466646
GACCGGAGGAAGCAGCGGGATGG,0.299347775
AGGAAGCAGCGGGATGGAGGTGG,0.196505894
GTGATGGCCTGCGGAGTGACTGG,0.247176239
AACACTCCCAGTCACTCCGCAGG,0.263448182
TGAGATGTTGAGAATGACAAGGG,0.551424138
CAGCGAGCGCAACCTGGTAGTGG,0.255769342
GTTGAAGAAGTTGCAGTACATGG,0.238433417
GTACATGGAGAACTCCAGACCGG,0.200201944
GAGAACTCCAGACCGGTGGGCGG,0.309425894
GCTGGCGATGATTTCCTGCATGG,0.34464232
AAACTTGATGTGGTCCACGCTGG,0.16767279
CAAGTTTGACTTGGAGATCGCGG,0.304964452
GATCGCGGTGGAGCAGCAGCTGG,0.176355925
TGTCCGTTTCGCCACATCAGTGG,0.398935361
CTGTCTTCTCACCACTGATGTGG,0.214346646
GGCTGAAGGAAGATGGCGGACGG,0.213594797
ATAGACATTTACGCGGATGTCGG,0.214561443
TGTCGGCGAAGAGTTCAACCAGG,0.329032767
CCAACTGTTGGTGATGATGTGGG,0.183417367
AGCTCCAGCTGCTGAACCACCGG,0.418085235
TGGATCTCCACAGCAGTCACAGG,0.176094609
GCAGAATGCTGGTGACGGTGTGG,0.396830032
TGCAGGCAGAATGCTGGTGACGG,0.259684327
TGGCTCTGCAGGCAGAATGCTGG,0.256434044
TGCTCAGCCTCTGGCTCTGCAGG,0.186137242
GTCGACCTCTTGCTGTGCTGCGG,0.623167085
AGATCTTATCCAGCTCGCCGTGG,0.19681649
TCTACAAGTATGAAGCGCCCTGG,0.428090095
TTCATCGCGTAGACTGTCCAGGG,0.573561317
ACGCGATGAACTGGAGTGTGCGG,0.181305142
ACAATGGCCCGGAGCAACTCTGG,0.288033167
AGTCACGAAAGCCAGAGCTGTGG,0.411774358
TATGTCTCCATCCACAGCTCTGG,0.26581812
GGACTATGAAGATGATGAGGTGG,0.265372477
CCCTTCTAGGGCCAGTGGGATGG,0.168804703
GCCTTCTCCTGGATCAGCGTAGG,0.489353919
GTCGCGACCTACGCTGATCCAGG,0.330910659
AGGCTGTCACCGATCTGGGCTGG,0.154368464
ATGGAGGACTCTGAAGCACTGGG,0.155297367
AGGAGATAGAGAGCGAGAGAGGG,0.19780859
AGAGTGCGAGGATGTCCAAGCGG,0.264569468
GTAGTGCTGGAAGTTGGACCTGG,0.182639185
ACAGGACTCATGTTCAACACGGG,0.172047639
GAGATGCCGAAGGTCAAGTCGGG,0.195579248
TTAGCAGAAAGCAAACGGCTTGG,0.331763198
CTAAATCGACACTGATAGACCGG,0.231004577
TGACCACCCTGGGATGGAGGTGG,0.194265267
ATGAGGTGGAGACAGCCCAAGGG,0.361607461
ATGTGGTGAAGGAGGTGCTAGGG,0.197150283
CACCACATGCTTCCTCTTGGTGG,0.412719938
GCATGTCTCAGGCCACCAAGAGG,0.200322571
GCGAAAGCGGCTGCTCAAAGAGG,0.285544264
CACGATGGCGACCTCGGGCTCGG,0.241563574
GTGGTGCACGCGTCTATCGCCGG,0.391617743
TACTGTCTGGTAGCGATCGGAGG,0.205558809
CGCTACCAGACAGTAGGTGTTGG,0.341666897
CACTGTCGGTGAGCTTCACGTGG,0.186831913
GCGGGTTAGCGACGGCAGCAAGG,0.153368841
TGAAGGAGGATAGGAGCTACGGG,0.315778997
TGGCGGCGCTGAAGGAGGATAGG,0.281617869
ATGGCGGCAGTGGCAACCTGCGG,0.43864232
ACTCGCGGCAACACTACCGCAGG,0.183692477
GGTAGTGTTGCCGCGAGTACTGG,0.20739743
CACTGCAGACCCAGTACTCGCGG,0.176752164
TCGGCAGGCATATCCGCTGGAGG,0.41029649
CGGGAAGACAGTATCCCTGTTGG,0.176779123
TGGAGATGCCCTCAGGCACCGGG,0.187125455
GGAGTCCTGGAGATGCCCTCAGG,0.239140753
ACGCACGCTGGACGCCAAGGTGG,0.164586646
GCGGGAGCTCAAACGCACGCTGG,0.258716051
CCAAGATGGCGATGGAGATGAGG,0.158942634
GATGGAGATGAGGCTTCCAGTGG,0.38811743
CTACGGACACAGGATTCATGCGG,0.175407211
GCTGGAGCTCTTGTCGGACCAGG,0.174502508
AGCTGCGCAAGATCCAGGCGCGG,0.227108402
GCGGATGGGCGTGTTCGCGCAGG,0.412601443
GGCGTGTTCGCGCAGGCTGACGG,0.248572728
GTTCGCGCAGGCTGACGGCTCGG,0.273860878
GGCGCCCTTGTATTGAGCCATGG,0.250021254
ATACAAGGGCGCCGCGAGCGAGG,0.184594295
GGAGAAGCAGCGCGAGCAGATGG,0.554609217
GCAGATGAAGCAGCGCATCGCGG,0.425364327
TCATTCTCCCGGATGGCACTGGG,0.208498997
CTTGATGTCATTCTCCCGGATGG,0.201799436
TTGCCATCAAAGACATACACGGG,0.36845975
GGCTTGCGTGCGGAGATGAGCGG,0.276722947
GCGGAGATGAGCGGGTCCCTCGG,0.194862258
CGGGTCCCTCGGCCGAGCTGCGG,0.362519938
GTTGGACGCGCTGGTGAAGAAGG,0.285154421
CGCGCTGGTGAAGAAGGACAAGG,0.342787022
ATGAAATCCATCTACTGCCCTGG,0.194918057
AAACAAACTAATGCAGTCCAGGG,0.246864891
CAGATCCCACATCAATAACCCGG,0.312516152
GGTGACCGGGTTATTGATGTGGG,0.360625016
GATATGATCTGTCCTGAATGTGG,0.28100232
TTCAGGACAGATCATATCACCGG,0.309778496
TTAGTGGAGGACTACAGAGCCGG,0.172520189
TGAAGATGGCGTCTACCAGCCGG,0.328152164
GTCTGCCAGCGCTGTGGAGCCGG,0.185956301
TCCACAGCGCTGGCAGACACAGG,0.167503386
TTGGACGAAGTCGCTCTGGAGGG,0.313294358
TGAAGTAGCAATGGACGCGCTGG,0.183923825
TACGGTGGTGCCGTCCGCCAAGG,0.249840439
GGGCCGCCTACCTTGGCGGACGG,0.195198433
GTTGAGTCTTCGACAACGTGAGG,0.209956928
TAATGTTTATGAATAACGGTTGG,0.235536364
GAATTTGTGAAAGTCTATCATGG,0.209604954
GCAAGTGAATACGAGTCAGAAGG,0.208773982
ACCAGTGCTAGAGAGATTGGCGG,0.229836051
GTCCTTAGTAGCACTATCAGAGG,0.250185392
GGCGGTGTCCCTGTCGATTGTGG,0.203985267
AAGAGGCTGGCATCACTTTGAGG,0.211650345
GCTGGCATCACTTTGAGGGAGGG,0.272578245
GGGCGAGTCGTTGCAGCTGCTGG,0.219836301
TCGTTGCAGCTGCTGGGCTAAGG,0.15341649
GCAGCATGCATAGCTGTTCAAGG,0.288773229
TTGCTGGAATGGCTACAGATGGG,0.264195173
TGTGGACCCAGATACATTGCTGG,0.206697117
AGAAGGCAGACCAAGTGGCGAGG,0.258031662
GCTCGGCCGATGAAGTGCAGAGG,0.46929022
AGAGACGATGATGTTGGGCACGG,0.260524703
GCGTAAGAGACGATGATGTTGGG,0.161265894
GTACCTCAGATATAAGATCAAGG,0.262764452
AGCCTACCTCTTCCAAGGTAGGG,0.243632164
TGTATCTTCTCCAGAATGCTGGG,0.157879436
TTCAGGAGTGAAGGCGACATAGG,0.433791537
CGACATAGGACGGCGTGATGCGG,0.341620878
CGTTGGCGATGATCTCCACGCGG,0.402808715
GGAGGACAAGAAGGAGGACGTGG,0.303670032
GCTGAGCAGCAGCAGCATCGCGG,0.316207712
CATAACTGCCACGCAGGAGTTGG,0.235520439
GGGTACTACCAACTCCTGCGTGG,0.317437681
TACAGATCAGAAGCAATCAAGGG,0.328942383
AGGCTGCGGCGCCCACGAGACGG,0.515464013
GCTGCAGCAGCCCGTCTCGTGGG,0.173388276
AGCTCGGCTGGCACTTATCATGG,0.302596427
AACATACCACAGGTAAGCCATGG,0.248097994
GGATTGCCATGGCTTACCTGTGG,0.271530847
CAAGATATGCTCACCAGAGTGGG,0.337067399
CACTATGGACATATACTTGCGGG,0.183641568
GTTAGATTTACCTTCTATGATGG,0.317617117
GGGAGGGAGCAAAGATGGAGCGG,0.294712038
GGAGCGGCGGGAGGAGCAGCCGG,0.25883254
ACCAGCCTTGGACTTCACTGTGG,0.259304264
GTTCTCCACAGTGAAGTCCAAGG,0.215161192
CACTGTGGAGAACGTGGAGAAGG,0.26404232
ATAAGAACCTGGCTCAGAAGTGG,0.358065643
TATGGACCCAGCCCTGCGTGAGG,0.200131725
TTCATTGAGCTGGCGCTCCGCGG,0.230660627
GCGTCCTTACTTCATTGAGCTGG,0.334655863
CCTGATCGAGAAACAGCACCAGG,0.198735863
GCATGTAGTAAGCTGTACCCTGG,0.30638627
TAATGAGCTGGAGGCAATTGCGG,0.280598182
TTCAGTGGCTAATGAGCTGGAGG,0.164170345
ATTGCATCTTCAGCCAGCACTGG,0.197071913
GCTGCCGCCTACCCGTGCTGCGG,0.186768214
GGTTCCGCCGCAGCACGGGTAGG,0.232352038
CACGCTCAGGATCTCGGCCAGGG,0.182268653
GTCCTTCACGCTCAGGATCTCGG,0.195682947
GCGTGAAGGACATCAGTGGCCGG,0.211875549
GCCTTTCAAACATGGAGGAGCGG,0.225217743
GCGCGTACAGGGCCAGCAGCGGG,0.209125706
GTAGGGAATGGGAGGCAGGCGGG,0.185086458
GCTGGGTCACCTGTAATTGTAGG,0.248784389
TGCTCTCTCTCAGCATCGCCCGG,0.459316552
ACAAGTGTTATCTCTGTACCGGG,0.425614609
TCCAGCGATGGATCCCACCGCGG,0.278322696
GAAGGAGCCTGGAGGAGGCGCGG,0.266016239
TCAGTCGCCGCGCCTCCTCCAGG,0.315446834
AGGAGGCGCGGCGACTGAGGAGG,0.267396678
ATGCTGAATTCCTCAATGGAGGG,0.154659374
GGTCTCCAGCGCCTTCCTGCTGG,0.173465643
GGCCACCAGCAGGAAGGCGCTGG,0.279604577
CTTTGTGTCCTTGGCGCCGGTGG,0.215303762
TCGGACTCAACCTCTACTGTGGG,0.25079279
CTTACTCCTCCAAGAAGTCCAGG,0.305232665
ACTGTTCCTGGACTTCTTGGAGG,0.357255486
GACCTCCAGGTGCTGGCTGCCGG,0.211682947
AGCAAATATGGACCTCGCGGCGG,0.278695742
GTCCGCGCCAGGAGGAGCCGTGG,0.192537493
TCCTGGTCCGAAGCCGAGTGCGG,0.241262508
GCGGTAGGAACATGGCGGATCGG,0.258647211
GGATCGGCTCACGCAGCTTCAGG,0.356797054
ATATTATTGAAAGAGGCAGGAGG,0.235063386
CAGCCAGCTAACCCTACAGAAGG,0.395879812
ACGACAGATGCTGCCCGCATTGG,0.243339123
GATGGTCAGGGACTACCTCATGG,0.195860001
GTGTTACAGCGGCAGACTGAAGG,0.229942759
GCTATAAAGCCCAACAAGGATGG,0.299841693
TCAAAGGAGAAATCTACCCATGG,0.25601511
TGAAACGGTATAATCGGAATCGG,0.15835254
TTGCAGACTGGAAATAGCAAAGG,0.305789405
TTGGCACTGTGACACGGTTCAGG,0.349945643
CCCAGTTTGGCACTGTGACACGG,0.189402822
AGATCTGGGTTTCGTCAAGTAGG,0.393681317
TGGGTTTCGTCAAGTAGGTTAGG,0.243422383
TGCGGATTAAGCGACAGGATTGG,0.174005957
TCTGCAGCGGAGCCCTTAAGCGG,0.397334734
GGAGAATCCTACCTCTGCAGCGG,0.283407963
GACAGCTTAGAGCTGGAGCTGGG,0.466304264
CCTGACTGACAGCTTAGAGCTGG,0.321462759
GGCGTCGACGGACCCTGGAGCGG,0.274019499
TTCCGTCAGACACCGCTCCAGGG,0.322312038
GAGCGGTGTCTGACGGAAGTCGG,0.277897493
GACGGAAGTCGGCAAAGCCACGG,0.514699462
AAGTCGGCAAAGCCACGGGTCGG,0.188269029
GAAGCACTCGGGCCGACCCGTGG,0.226877681
GGATGTCTCGGCGGACGCGCTGG,0.18496533
ATTCAGATGTGCCGGAGCAGAGG,0.250231286
CAAGGTCAAATGGACCCATGAGG,0.218738496
GTTGGCAGGACGAGCAGCTGAGG,0.275489342
GTTGGTGAAGCTAACGTTGAGGG,0.319874295
GTCGAGGTCATAGTTCCTGTTGG,0.375476678
CTATGACCTCGACTACGACTCGG,0.396719687
GCTGCACCGAGTCGTAGTCGAGG,0.469386521
GCCGTATTTCTACTGCGACGAGG,0.370816007
GAACCAGGCGAAGCTGGTGGTGG,0.221923323
GCTGAGCCGCACCTACCGCACGG,0.36288558
CACCGGAGGGCAGCATGTCGCGG,0.314380001
TAGGTTGCTCTCCAAAGAGCAGG,0.248508151
GGAGAGCAACCTAGAAGGCTTGG,0.204253982
TATCTTCTCAAACATGACACGGG,0.346152164
GGAGAATCTTCAACTGCTGGTGG,0.371470659
CTGCTGGTGGACCGGCCCGATGG,0.27015906
GTTGTGCAGACGGAAACAGTAGG,0.311290972
ACGACCGGGTGTACTATGTGAGG,0.334198559
GGTCCCAGGCATGTCGGATGTGG,0.221181004
CTCGACGGAAGGCAGCGCCGCGG,0.323144891
GGTGGTCAGCGCGATGCCCAAGG,0.333888339
CGGGCGCGCGAAGATGGCGGCGG,0.349250095
CCCGCTCCGCACCTCACACACGG,0.291434546
GCAGGAGCAGTAGAGAACTGTGG,0.205574734
TGGAACACAGCGCACCTCTCAGG,0.246737869
CGTCTTGGCTGCAGCCTGAGAGG,0.249541756
TCAGCATGTCGGGCTCGGCGAGG,0.236619601
TCACCTCAGCATGTCGGGCTCGG,0.175290095
AGGAGTACTTGCGCCTGTCCCGG,0.384310408
GAGGCCGACACACTTCACCCGGG,0.325675549
CGGCCTCTCCGCACGCACCACGG,0.420841066
GCTGGTCTCCGTGGTGCGTGCGG,0.232752164
TCGTTCAAATGGCTATGAAGAGG,0.234157179
AAAGGAAGCTGAATTAGATGTGG,0.213930722
AATATGCATTGAGTGGTCACAGG,0.20464696
GAATGCATCAGAACCATGCACGG,0.311126207
TGGCTACTGAAGAAACATTGTGG,0.237761568
CCGCCGCTCGCCATGGATGCCGG,0.233870533
TTCAGTCACACCGGCATCCATGG,0.29538301
GATGCCGGTGTGACTGAAAGTGG,0.221630157
GTCGGTTAAGAGGATCCGCGAGG,0.267319687
AAGAGGATCCGCGAGGAGAGTGG,0.372677555
CGCAATGTCAGAGCAGACGCCGG,0.342330596
GATGTGCGGCTTGCTATTGAAGG,0.259091474
ATGGTCAGCATATTGATGTGCGG,0.519482069
GGCGAAGGGCAGGTTCTCCTCGG,0.239527587
TGAGCTGCACCAAAGAGACGTGG,0.335031787
TGCTGGGATATTAGCTCCAGCGG,0.578602571
GTGCCTCCAACACCTTCTTGAGG,0.479581756
CCAGGGCTCCATCCTCAAGAAGG,0.307957806
TTCGAGGCGCGCCTGGTCCAGGG,0.172705769
GACCAGGCGCGCCTCGAACATGG,0.308845957
GCAAGAGCAGCGGCGCAGAAAGG,0.205299374
GGTGGAGGCCGGGAGGACGAAGG,0.335116427
GCGTTTGATCATCTCGTCCGTGG,0.18641022
CGGCACTCACGACGCCACAGAGG,0.227623386
GCCAGCTGAGGTGGGTGTCCTGG,0.18761511
CTCTTCCAGCCAGCTGAGGTGGG,0.279450095
GGGACGGCGGCCCAGACGGAGGG,0.310543637
CTACATCGACAACCTCATGGCGG,0.300986772
GTCGATGTAGGCGTTCCACCCGG,0.196751286
CACAGATTCGCGCACACCGTAGG,0.286076301
TTCGCGCACACCGTAGGCCACGG,0.19816859
CACACCGTAGGCCACGGCGCCGG,0.195233041
ACGGCCCTGAAGCTGTTGCTGGG,0.229702258
ACTTGAAGGACTTGGCGGGACGG,0.250301631
CTGCTGGGCGGATGCGGACATGG,0.249345643
CTCCTCCGCCAGCTGCTGGGCGG,0.302687838
GCGGAGGAGCTGCAGATCTTCGG,0.200109656
GATCTTCGGCCTAGACTGCGAGG,0.64211279
TTAGAGCCTCCTCGCAGTCTAGG,0.329944264
GTAGAGCTTTGTGTTCAGTATGG,0.369574859
TGTTCAGTATGGACAGAATGAGG,0.184879938
CAGAATGAGGAGGGAATGGTAGG,0.190760439
GCAGGTGGCCACATGGATCCTGG,0.234028276
GTGCTTTAGGCTAGGCCCGCTGG,0.16998953
CAGCGTTGCAGGAGCTGACGCGG,0.167938621
GCGCCTGCCTCCGCCATGCACGG,0.363963073
CTCTCTTGATGGTGCGCAGCGGG,0.354061557
ACCATCAAGAGAGTCCAGTTCGG,0.57665812
CCGGACTCAGGACTCCGAACTGG,0.512669656
AGTCCTGAGTCCGGATGAACTGG,0.406369593
GAGCCGCTTACCAGTTCATCCGG,0.248286207
GCAGAAGCGAATGTCTGTGACGG,0.291694859
CAAATACCCAGAGACGACTGAGG,0.258355549
GATCCGCACGGTAGGCTGGTTGG,0.17165185
AGCTCCGTGATCCGCACGGTAGG,0.222442195
CATCATCGAGAACACCGACCTGG,0.491791137
TCGGAGGGTCTTCATCGCTGAGG,0.20885812
TAGCACTCACCTACGAACACTGG,0.162770847
TCACCTACGAACACTGGCAATGG,0.258023888
GCGGGCTGGCGACGTAGAGGAGG,0.384091725
GGTGGCAGCGATCCGCGGGCTGG,0.266587524
CCGTGGCTATCTGGTGACCCAGG,0.332106521
CTGCAGCTGTGCCACGACCGTGG,0.226379374
GGCGCGGCTCACCTGCATGATGG,0.201050972
ACGACGAGGAGGAGACGTACCGG,0.307026646
GGCTGCCATGGACGACGAGGAGG,0.283162571
GAAGCAGAAGCTCTTCACCGAGG,0.430571348
GGTGTGATCCAGCCAGGCCGAGG,0.17671254
TCACCGCGTAGAGCAGAATGCGG,0.381771098
TCCCTCCGCCTCACCATTCCTGG,0.33791116
GTATTCGCTTCTGCCAGGAATGG,0.472434421
CGTGGGTATTCGCTTCTGCCAGG,0.227784765
ACTTACGAGCCGGGCTTCGTGGG,0.374972226
GCCCGGCTCGTAAGTCCCGTCGG,0.395385267
GTAAGTCCCGTCGGGCTCCATGG,0.17767091
GCGTCGCCATGGAGCCCGACGGG,0.288147399
AGGGATGCGCTGGATGCCCTGGG,0.256720063
CTGCAGGCCGAGTACACCGAGGG,0.343981787
GATCGTCGGCAACAAGTGGGAGG,0.216520063
TTCACTTGTGGCAAGATCGTCGG,0.240941129
CCTGTACGCTGCTTCACTTGTGG,0.367576615
GCAGCGTACAGGGATGATCATGG,0.438374483
CCGTGGGCCCAGTACCTTGTTGG,0.295343637
GAACAAGAAGTTGGCCAACAAGG,0.463419123
CGAGGAGCTGAACAAGAAGTTGG,0.153678684
CTTGTTCAGCTCCTCGGCAATGG,0.6564258
TGGAAATGGTGGACACCGTCCGG,0.182352414
GTTCGTCCTGGTGGAAATGGTGG,0.453972226
AAAGAAGTGGATGATGTGCTTGG,0.173288088
GCACAACATCACCCGCAAGGTGG,0.417087712
GCGGGTGATGTTGTGCACGTAGG,0.242405079
AACGGGCTGATCGTGGAGGAGGG,0.343324713
CTGCGGGAACGGGCTGATCGTGG,0.527312916
CAGCATGGGACAGTCAGGGAGGG,0.244939875
GGTTCGCGGCATAGGCCTCGAGG,0.18454138
CGAGTGCGGGTTCGCGGCATAGG,0.195168464
GCGTGAACACGAACGAGTGCGGG,0.172920189
GGAGGAGGCGCCGCCAAGACAGG,0.28458953
CTCATCGCTGCGGGCGGAGGAGG,0.260808841
AGCGATGAGCAGCCCAGTGCTGG,0.172972477
TCGACCTGAAGCGCGTACAACGG,0.202253606
TGAAGCGCGTACAACGGGAACGG,0.188962195
AACGGAGCCCGGTACAGCTCTGG,0.186683574
CCGGGCGCCAGAGCTGTACCGGG,0.335875048
AGCACCGCAGCGGTCCGCAGCGG,0.176362195
GTGTGCGTTGCTCCCTGCTGCGG,0.366964201
GGCGCGGGCATCCCTAGGAACGG,0.26093655
GCGCCACTGGCTTCACCACGCGG,0.187468778
GGGTCATTTGCATCACGGGCGGG,0.200659875
AAATGACACCAATTACGATGAGG,0.194181254
CTACAATGAGACAATGACAGTGG,0.315379374
TAAAGCCAGAGTGGAGACACAGG,0.355017316
GTAGAGATTGATGCTCACATAGG,0.263659875
GCTTCTACCAACATGTCCCGTGG,0.332484703
GAGGGTCGGCTCTACCAAGTAGG,0.332414734
TGTGTGATGACCGGAATGACAGG,0.240812352
CGTCAAGAAGGGCTCGACCGCGG,0.483295737
GCGCAGGAGGCCGTCAAGAAGGG,0.155259248
GCGCGTACTCCACTTGGAAGAGG,0.3908279
CGACGGCCACCTCTTCCAAGTGG,0.254828778
GTGGCCGTCGGGCGAGAAGACGG,0.310436552
GTCGGGCGAGAAGACGGTGATGG,0.283493606
GCGAGAAGACGGTGATGGCGCGG,0.226237054
GTTGGAGACAAGGTACGGCAGGG,0.331241317
GCTGGACAGTGAGATCAAGGTGG,0.25017022
GGAGGTGCTCAAGATGTCCACGG,0.230965957
CGTGTGGGATGAGGCCGAGGTGG,0.225798057
GGAGAAGATGGCGACCGTGTGGG,0.155488464
TGAGAGCGGTAAGATGGCGGCGG,0.255820502
GGAGTGGAGGATGTCGATGGAGG,0.271140001
GACCTTTACCGATGGAGTGGAGG,0.27311743
GGAGGAGGGAGGCCGGGACAAGG,0.179469029
GGGAGGCCGGGACAAGGCGCCGG,0.534353543
GCTGCACCGGCGCCTTGTCCCGG,0.243814483
GGCCGCCGCTGGAGACTGCTGGG,0.186948276
GGACGAGAAGCCGAGCGGCAAGG,0.301979875
CCCAACCCTCCAGTCTGAAGAGG,0.436466145
GGAAGGTGGCAAGATGGTGTTGG,0.211741505
GATGGTGTTGGAAAGCACTATGG,0.184348527
TGTTGGAAAGCACTATGGTGTGG,0.536530596
GGCAAGATCACCTTCTGCACGGG,0.222972979
TAGGACTCACATGGGCCACGCGG,0.170950784
CCACGTCTATCTGCCAGTCGAGG,0.185474671
ACTCTTGATGCTCTGCTCCATGG,0.167179624
TCAGGCCAAGAAGTACGCCATGG,0.539792829
CCTGACGCCCGAGCAGCAGGAGG,0.227806082
GAATTTGAGAAGAAGTATGTAGG,0.305727712
GCCGGCCAGGAGAAATTCGGTGG,0.182968966
AGAGATGGCTATTATATCCAAGG,0.352193543
GCGAAACACTGTGAATGGCCTGG,0.170805455
AGACATGTCTGGCACAGAATGGG,0.176695612
GTAGGTGTTGGAACCCAGAGAGG,0.260147148
TTCGTCACAGGAGACCGCGCCGG,0.170709781
GCCGGAGCTGGTGCCTGCGGCGG,0.209521568
GTTGTCTCCCAGGTGACTGTAGG,0.288499499
TGGAGCGCGGCGGTGATGGCGGG,0.288163825
AGGACCGCGAGGCCTTCCAGAGG,0.262338621
CAGGAAGTTGAGCCTCTGGAAGG,0.36009185
GTCGCAGACTCACCTGGTACAGG,0.257184515
CTGAGAGGACCATTGCGAAGCGG,0.356978443
CAAGACGAGCCGCTTCGCAATGG,0.352366082
GGCCTGACGGTGGCGGCAGATGG,0.289604201
GAGAAGGAGGAGGCTGGCGGCGG,0.331343888
CGGCGGCATTAGCGAGGAGGAGG,0.24844631
AGGAGGCGGCACAGTATGACCGG,0.263043825
ATGACCGGCAGATCCGCCTGTGG,0.256827775
TATCATCATACAAATCCCTCAGG,0.298853355
CAGAGGTATATGGAGGTCAGTGG,0.190470157
TGCCTTTCAGAGGTATATGGAGG,0.331960565
CTGGGCACTCACATCTTGCATGG,0.204216364
CATCTTGCATGGCCCGAGTGCGG,0.570969844
TCAATTCTGATCACCGCACTCGG,0.225573856
GATCAGAATTGATCTGGTCCCGG,0.310067148
GATGCTCACCAAGAAGTCCACGG,0.195901004
TGAGGAGAAGGAACGGCTCATGG,0.331013856
GGTTAAGTTGTACAGAAACATGG,0.431039687
TTAACCTTGCAGAGAGCCACTGG,0.435318758
AATGGCAAAGCTGATGCCAGTGG,0.329692477
GCAGCTCCAAGATCTTCCCACGG,0.375461254
AGTACATACCCTACTCACTGTGG,0.355103512
GGCTGCCTCTGCTGGAGAAGTGG,0.318995424
CATCTGAAGTGGTTAAGCAGAGG,0.199544138
AGTGGTTAAGCAGAGGGCACAGG,0.2183079
GGTATCCAAGGGTTGTATCGAGG,0.162484327
ACTCGACCGCGTCGCTCCGGAGG,0.171102258
TGCTCGCTTGTAAACGCCTCCGG,0.205996301
GCGAGCACAAGAGCCTCCGCCGG,0.373848715
GCGGAAGCGCAGTGCGGAGCCGG,0.411694233
GGTGAAGCGGAAGCGCAGTGCGG,0.629876678
CCGCTGTACTCCGGGTGAAGCGG,0.323537385
CACCCGGAGTACAGCGGTCCTGG,0.173321066
GTGTACTGCAAACATATTGATGG,0.165298496
CAGCATGCGGGTACTTCCAATGG,0.209728339
GTAACACCTGGAACTCCTTGAGG,0.191732352
TAGAACTGATCATTGATTGGAGG,0.210222258
TCACCTTGAGGCGGTTCAGCTGG,0.185891348
GGCGGTTCAGCTGGTCGTGCAGG,0.340769091
GGAGACGCTGCTGCGGTTGAAGG,0.276706646
AGGAGGAGGAGACGCTGCTGCGG,0.478089718
GACCAGGCAACATGCTGAGCCGG,0.327755173
AAGGGACAGCACCTCTCCTGTGG,0.218582508
ACCCGCCGGGATGAACCCACAGG,0.179019123
GGGTCCGGTCAATGAGAGAACGG,0.304571725
TCTGCAATACGAGTACAAGGCGG,0.174597555
TGTACTCGTATTGCAGACTACGG,0.33614138
GGGTCTGGCTATGGTGGTGCAGG,0.421820377
GCTCTGCGATCTGCCGATCCAGG,0.18040232
CCGCCCGCACACACCTGGATCGG,0.402164577
CATTGCCTGGCCGTATTCTAGGG,0.273555925
GGAAAGTAATGGACCAGTGAAGG,0.44796395
GTAATGGACCAGTGAAGGTGTGG,0.31162138
CTGCTCGATGTTGGTCGCCATGG,0.62703372
ATGTCAAGTGGAAGGAATGAAGG,0.334164076
AGGAATGAAGGCCAGCTGAATGG,0.307193794
TATTTGTTTCACCATTCAGCTGG,0.266508653
GAAACAAATACACCCATTGAAGG,0.378216239
TACACCCATTGAAGGAAACCAGG,0.457411599
GCGGCCTGACTACAAGGGAGAGG,0.305237555
ACAAGGGAGAGGAGGAACTGCGG,0.280896364
AGGATTAGGCCGCTTCACCAGGG,0.259031537
GAGGACGTGTTCTACAAATACGG,0.270646709
CATCCGAACCAAGGACATTGAGG,0.203144264
GTAAGTTACCCACGTAGATGCGG,0.224540001
GCGGCAATCGTTGTTCCCTGCGG,0.33688558
CGCTACACCAAGGAGTCCCGCGG,0.564863888
TCCTTGGTGTAGCGGTCCCGCGG,0.176056364
GCGCCTCAGCGTGTCGGGCGAGG,0.208542383
CAGGTTGTCCACCTTGAGGGAGG,0.436544891
GGGTATGACCTCCCTCAAGGTGG,0.246350659
CCACTCAGAGCTATGAGCTACGG,0.181830784
TGGAAACAATGGCAACAAGACGG,0.177926333
ATGGACCACTCCGAAGTGTGTGG,0.188800565
GCAACCCACACACTTCGGAGTGG,0.473840189
ATCACCTTCCATCTAGCTCTCGG,0.224727336
TCGACAGTTCCACTCTTACACGG,0.250439562
AGGCAAAGTGGACAACATCCAGG,0.169969593
TACAGAATGATGGTCGACTGAGG,0.191795424
GTTCAACGACGTCTATCAGGAGG,0.407887211
GGTCGACATGGCAGAGACACTGG,0.162701756
ACAGGAGGCGGTAAAGGAGGTGG,0.177644954
TCCTCACTTGTGGAAAGAAACGG,0.271880063
CTGCAAGAACCGCTACGACAAGG,0.576334084
GTAGCGGTTCTTGCAGCCGTAGG,0.430604703
CTTGCAGCCGTAGGCGGAGCAGG,0.197292092
GTGCAGTCCTGCTCCGCCTACGG,0.35686138
GCAGCACGTAAAGCCAGGCATGG,0.482862759
GGCACGCAGCACGTAAAGCCAGG,0.344662759
CTGCTACAACAACTCGCACCGGG,0.334023512
TTCCAAAGGACGCTGAGTTGCGG,0.319911787
GCGACACGTTCTTGAGCCAGAGG,0.156171474
CTCAAGAACGTGTCGCGTGCCGG,0.159564828
AGGATGAGACACGAGATGTGCGG,0.314581129
GGAGGGAGACACTTACCATAAGG,0.230459374
TGTCTCCCTCCAAGTACCCAAGG,0.229998308
GTACCCAAGGGCACTACATGTGG,0.192484954
TACAAAGGCGTTCGTGGTGCCGG,0.211429906
GGTTGTGCGCGGACGCTGCGTGG,0.167583888
GCTAGCTGGCAGGTTGTGCGCGG,0.250493731
CACAACCTGCCAGCTAGCCGCGG,0.236326082
AGCTCTACGCTTCGCCGCCGCGG,0.479023948
GCGGCGAAGCGTAGAGCTGCGGG,0.268239185
GTGAGGCCACTAAGGAGATGAGG,0.232409593
AACTGCTGTGCCCAGTTACGAGG,0.216071286
TGGGCTGGTATATCTGCTCATGG,0.256930471
AGGCGCAGAGGGCCGGGCAGCGG,0.159815612
GCTGAGCAAGGCGAAAGCCAAGG,0.223937869
TCCTCCCACAGAGCTGAGCAAGG,0.271065894
AGATGTTGGCATTAACTATAGGG,0.354594922
TAATTCCACAGAACCAATGTAGG,0.301521568
AACCAATGTAGGTGTCTGGGCGG,0.196926709
CAGATGGTCAGTAGGACAGAAGG,0.192488088
TCTTAATGCAGATGGTCAGTAGG,0.166548653
CGGGTTGTGCCTGGAGGTGGAGG,0.202630408
CGCGGACGGGTTGTGCCTGGAGG,0.30616558
ACAACCCGTCCGCGATCTCCCGG,0.235422759
CTCCGACATCTACAAGATCCGGG,0.156091975
GTGAGGACTCACGGCTGATGAGG,0.175452728
ACTCACGGCTGATGAGGTCCCGG,0.297112916
GAGGATGCTGGTGGTGGAGGTGG,0.364237555
CTGGTGGTGGAGGTGGCGAACGG,0.176978245
CACACCCAGGCGCTCCCGGAGGG,0.153503386
TCAGCAGCAGCGGGAGGCCCAGG,0.293492477
CGGGCATCAGCAGCAGCGGGAGG,0.163932979
TGGCAACCAGATCGGTGCCAAGG,0.242996051
CATTGTAGTACACAGAGATGCGG,0.201594421
GGCATTGTAGGGCTCGACCACGG,0.555778997
TCATGGTGGCTGAGACAAGGTGG,0.437596301
TGTAGGGTGATGATTTCCCTCGG,0.330721819
GGAAATCATCACCCTACAGTTGG,0.175667649
AACGACCTGGGAGAATCCGCTGG,0.294548546
AGATGGTAGTGACAGTCTAGAGG,0.157408841
AACTGCTCTTGGCTCTGAGCGGG,0.2190037
TTCACCTGGAACAAGCGGAGTGG,0.285399371
GCAGAGTCGATTCAGGACACTGG,0.23706627
GATCCCAGTCGTGGCCGAAGCGG,0.534447299
CCACGCGGTCCTCCTCCGAGAGG,0.352916552
GGTGGACCAGGCCATCCTCTCGG,0.172986521
CAACGGCTGGCAGGTGGACCAGG,0.353681819
ATGCTCCCGCACCTGCACAACGG,0.18177348
GTGCGGGAGCATGTACGACATGG,0.349850471
CGGCAACTCCTTCATCTCGAAGG,0.177254734
AGAGGCGGCGGCAGCGGCTCCGG,0.181188653
GAGCGGCGGCGAAGAGGCGGCGG,0.377905267
GGCGACGAGCGGCGGCGAAGAGG,0.195662258
CGGAAGATGGCGACGAGCGGCGG,0.249912289
ACACCATGTGGATCCAGGTTCGG,0.15914627
GTGGATCCAGGTTCGGACCATGG,0.190327461
GTGGGTCTGCCTCCCGTCCATGG,0.24288395
CGGGAGGCAGACCCACACGGTGG,0.269933229
GTCCAGGCTGACCAAGGTGGAGG,0.231092979
TGACCAAGGTGGAGGAGCTGAGG,0.179644828
AGGACAGCCGCGGCGCGAGGAGG,0.492221756
GCGGCGAACTTCACGGCCGGAGG,0.289553292
TCTCGGTGCCGACCCACACATGG,0.326966458
CGCTGGAACCATGTGTGGGTCGG,0.352692477
CTGCACGCTGGAACCATGTGTGG,0.395262634
GGAGGAGGAGAACATCCGCGTGG,0.216125706
AACATCCGCGTGGTTCGTTGTGG,0.39764696
TGCCGCCACAACGAACCACGCGG,0.28373348
GAGTGTGTACACATACTGCATGG,0.214561443
GGACACAGAAATCTGGTGACTGG,0.230151913
TAGGGCCTCATGCATCTGCAGGG,0.32270627
CTGCATGAGTGTATCTGATGAGG,0.244813731
GTACAGTAAGAAATATGGTGTGG,0.515043073
CGCGGAACACCTTAGCGACGCGG,0.259758591
GAATGAAGCAACAAAGAATCCGG,0.179106772
TCTACGACGACACTGTCCTGAGG,0.324759311
GTCGTAGAAAGAGAACGTATTGG,0.189106145
CTGAAAGCAATATGAAGTCCCGG,0.162324452
GCAGGAGTCACAGATGAGAGCGG,0.237998935
ACAGATGAGAGCGGAGATCCAGG,0.254485455
GGAGATCCAGGACATGAAGCAGG,0.216585518
GAGCAGCTGAGTTCATCCGAAGG,0.328750533
GACAAACAATGACTTGTACCGGG,0.218704264
GAAGGTGGAAGAGGAAGATGAGG,0.332299624
GGGTGATACGGAGAACGGAAAGG,0.081948402
CCAGGCTGAGAAGGGTGATACGG,0.203193689
ATAATGACCCAGGCTGAGAAGGG,0.031998559
GGCATCTTCTCCTCCCAGCCCGG,0.030693856
CCATTATAAGCTGTCGCAGAGGG,0.100092372
CAGCTTGAACTCGTTAGAACCGG,0.223426416
CTGAACCAGCCACCCGAGGATGG,0.060628026
AGATGCCATCCTCGGGTGGCTGG,0.128073689
AAAGAGGTCGAAGATGTAGCGGG,0.103584034
CCCAAATTCAAGGCGGCCCGTGG,0.143179573
ATTCCCAGCCAGGATCTGATCGG,0.039274295
GCTGGGAATGCGGTGCGGGCGGG,0.199032811
GTGCAGGATGAACTGTCGCTCGG,0.073390533
CGTGTGCAGCACAGCCAGCATGG,0.06309812
GTGCTTCTGCACCGCAGCACAGG,0.064516427
CCTAGAGGTCCAAGCCCGCTTGG,0.065046584
CTGACTTCACCAAGCGGGCTTGG,0.207411369
CAATCTCTAGCACCAGGGACTGG,0.071921317
GCAGCGGGCACAGGAGGAACAGG,0.12517952
CCCGCACTTACCGGGCCGCACGG,0.107919959
TACCTTCTCTCCCACCAGCAAGG,0.089375612
ACTTGAGGAAGAGGCCCAACGGG,0.031748276
TGGACGAGATGCCTCTCTTATGG,0.153869676
CGCGCTTCCGCAGCCGCTCTAGG,0.185673564
CTCTGTGATATTGTGCTGTCAGG,0.208501902
CTTGGCGAGCTTCTCGTATTTGG,0.107443846
TACGAGAAGCTCGCCAAGATCGG,0.058746145
AGCCTTACCCGAAGGTGCCTTGG,0.101521087
CGCCTGCAGGGAGGTGTTCAAGG,0.180118078
GCATAGCGGCAGTCCTTATCTGG,0.067356803
TGGCATGTCTCCTAGGCCTCCGG,0.046941254
GCACAACATGCCGATGTCCTTGG,0.149307294
AATGCAGTGGTTCAATTGAAAGG,0.143549802
TGTTCACATTTCTGATCAACTGG,0.258384912
ATGGTGAATGCCAAATTTGAAGG,0.230470554
TAGACAGTCACTTCGGTCCCTGG,0.194949802
ATGAAACTCCCATCAACCCTCGG,0.078720439
GCACATTTCCGAGGGTTGATGGG,0.167162341
CCGCGCTCACTGTCCATGCCGGG,0.109683219
TTGAAAGCTGCCTGCGGCAAAGG,0.069543762
AAGGAAGATGGCGGACGGCGTGG,0.077513417
GGACCACATAGACATTTACGCGG,0.079663386
CCATGTAATCTCGGTCTTCTGGG,0.114619144
CCACCGGCCTGTGACTGCTGTGG,0.194132372
GCTCAAGCCAGAGTTGCTCCGGG,0.107672561
GGAGCCCTTGACATCCTTCTTGG,0.168079708
CCCTGCCAAGAAGGATGTCAAGG,0.233990053
ATGAGGTGGAGACAGCAGCTGGG,0.196207482
AGGTCGCGACCAGCCCAGATCGG,0.079400189
CTCCTAGGCTGTCACCGATCTGG,0.131106542
TATCTCCTCTATCACGTTCTCGG,0.141348423
TAGACCGATCTTCACGATCCCGG,0.147394316
CCCGCACGCTTCTTGCCAGAGGG,0.180980147
TCGATTTAGCAGAAAGCAAACGG,0.12956184
GATGACGACGACGATGACGTAGG,0.08002138
CTCTCCTGAACCAGGTACTCAGG,0.135763595
TTCGAGAACAACTGTGAGATCGG,0.071127211
AGGAGCTACGGGCTGTCGTGCGG,0.110619645
ACTGGTGACGTTGCTCTTGCTGG,0.110850617
CTCTCTGGTATGCCATGATCAGG,0.145543532
ATGCCATGATCAGGGCCAACAGG,0.10981651
CATTGGCGCCAAGATGGCGATGG,0.105801589
CAAGCCTCTTAGCGAGAGACTGG,0.246767858
CTAGATGTTTCTTAGTGTCGCGG,0.265511432
GATACAATCACTACGGACACAGG,0.074236051
TCTTGTCGGACCAGGGCTACCGG,0.149292874
CGAACACGCCCATCCGCGCCTGG,0.193344535
CGCTGCCATGGCTCAATACAAGG,0.064821254
GCTTCTCCCGCTTCTTCATCAGG,0.061187273
AGAGAACTTCTTGTCAATGTTGG,0.052995298
GGAGCAGAGCCGCCGCAGCTCGG,0.029176615
GAGCTTGCTGATGATGGTGATGG,0.033156928
ATGCAGTCCAGGGCAGTAGATGG,0.117509927
AATGTCTAATGCGATGTATTTGG,0.048256615
CAAAGGATACCTCGCTAGCTAGG,0.082735863
TAAGAATTACCTAGCTAGCGAGG,0.147959457
TCGATTGTGGCCGCTTCCTTAGG,0.133170366
TTCTTTGTTATTTGACCCTAAGG,0.055086834
TTGGCCGTGTCAGGACTATTTGG,0.166307545
TTGGGCACGGAAGGTGGAGAGGG,0.108956322
CCACAGTACCAACACTATAAAGG,0.040113417
CGTGTTCAAGAACGGCCGCGTGG,0.137395194
CTCCTTCTTGTCCTCCTCCTCGG,0.088677179
TTTCATGTTGACAGAAGATTTGG,0.186579394
AGCAAAGATGGAGCGGCGGGAGG,0.062783512
GGCTGGAGCAGCACCAGCCTTGG,0.165917325
CCCAGCCCTGCGTGAGGCCGCGG,0.173025664
ACCTGATGAGCTCAGGAGAATGG,0.102209739
AAATGTTGGAACTGGACTGGTGG,0.144833564
TTCATTACGTCACCACATGCTGG,0.170003971
TGGTGACGTAATGAAATTACAGG,0.114600711
CATCCAGCCGCGGGCTGGGCGGG,0.060095612
GTTTCAGCGCCTACAATTACAGG,0.187387796
AGATAACACTTGTGCGCGACTGG,0.196466291
CGACTGAGGAGGGCGTGAATAGG,0.151449488
CGCCTTCGGGAAAGTGTATCTGG,0.040732602
CAAAGCCAATGGGCAGGTCTGGG,0.321116071
AGAAGTCCAGGAACAGTTTCTGG,0.0994772
GCTTCAGGACGCTGTGAATTCGG,0.318270303
AGAATCTACAGCTGCTTTACAGG,0.189864285
TTCTCCTGTTCTTCCACTTCAGG,0.1139651
TGTTCTTCCACTTCAGGGTCAGG,0.191755445
ATCAAGAAACAGTAGTTTGTTGG,0.099556698
AAGAATTTACTTACCTCCAGAGG,0.129866542
TAAATTCTTGAATGTTTCAAAGG,0.302531745
CATCAGTGAAACGGTATAATCGG,0.07726464
GAGAACTCTTTCATTTATTCAGG,0.20693488
GCTGTTGACAACAGAGGAGGAGG,0.077231286
CGCCGCAGGTCTGGCGTCGACGG,0.032512665
GCACATCTGAATCTGTGTCCTGG,0.209920084
ATAGCAAGTGCAAGGTCAAATGG,0.230712059
AGATATCCTCGCTGGGCGCCGGG,0.155992435
TTTCTTCCAGATATCCTCGCTGG,0.056584891
AGAGCCCGGAGCGGCGGCTAGGG,0.297247231
AAGGAGGCTGCTGTCGATTAAGG,0.038199185
TTCAGTTTCATTTGCATCAGAGG,0.047757555
AAATGAAACTGAAGATCATTTGG,0.088728715
GAATCTTTAATATGTAAAGTAGG,0.170333376
AAACACCAGCCAAGCCTTCTAGG,0.086999687
ATCTTCAACTGCTGGTGGACCGG,0.083209969
AACAGTAGGTGCCATCGGGCCGG,0.062077555
CATTCCGGTTCAGACGCTTTCGG,0.158052122
AGCGCGATGCCCAAGGCCAAGGG,0.045202696
GTTCTGCCTCAATCTGACTCTGG,0.108399582
CCGGAACTGCCATACCTGGGAGG,0.155329363
CCGGCCCGCAGCTGCCGTCTTGG,0.063526333
CAACGTGAGCGATGCCGCAGCGG,0.086610471
AGATGGCGGCTCAGCCGCTGCGG,0.049893856
CGAACTCACCTCAGCATGTCGGG,0.04001022
CAAGTACTCCTCTGCTTTCCTGG,0.069732602
ACAGTTCATCTCGTTGTCTCTGG,0.107629551
TAAATGTGACTCTCACCATTCGG,0.074884076
AAGGAAGTAGGAAGCATCATTGG,0.222946291
GGAAGCATCATTGGGAAGAAAGG,0.181022529
GGACTCGTCCCACGTCTCTTTGG,0.198264159
CGGTGTAAACCTGCAGAGCATGG,0.066008966
TGGAAGTTGAGCAAGAGCAGCGG,0.074798057
GTCTGTCCAGGAGGAGAGTCCGG,0.038363198
TGGTTACCGGACTCTCCTCCTGG,0.132855131
CTCGTCCGTGGTGATCTTGTCGG,0.178538391
CAAGGACTCGCCCTCCGTCTGGG,0.126855883
CCGCCAAGTCCTTCAAGTTCTGG,0.238570993
AGGTTCCGCCACCGGCTGCCAGG,0.14956347
TCCCGCGGGATTCCATAAGAGGG,0.248929238
GGGAGTCGCTTACCTATTATGGG,0.155485852
TCACCTGCATGATGGTCTTGCGG,0.145303908
TTCACCGTGTTGAGCAAGTTGGG,0.031008841
GGTGCTGGTGTGATCCAGCCAGG,0.087681317
AGCAGTAGCGCTTCAGGCCCAGG,0.12744333
CGGTGTCCACCATTTCCACCAGG,0.038440816
GGCCGGGATGTTCGTCCTGGTGG,0.075373606
GCCTTCGGGTCCCACCTTGCGGG,0.047386396
GGCACGTGTTGCAGGAGAAGCGG,0.231633378
ATCAGCCCGTTCCCGCAGCCGGG,0.387571541
CACGAACGAGTGCGGGTTCGCGG,0.20952673
CGTGTTCACGCGAGGCTGCACGG,0.173574755
CGTACAACGGGAACGGAGCCCGG,0.066302414
GCAGCGGTCCGCAGCGGACAAGG,0.069686207
CCACAGGGTCATTTGCATCACGG,0.04552395
GGAGAAGAAGATGCAGATCCAGG,0.086232038
TTTAATTGATAAAGCCAGAGTGG,0.129562968
ACCTGGTTCACTCACCTACTTGG,0.04051417
AGATTAATTACCTGTCATTCCGG,0.130757952
GGAAGAGACATTGTTGTTCTTGG,0.111738015
TAATTAAAGGTTGGTGTTCGAGG,0.178589426
CCTCCTGCGCGTACTCCACTTGG,0.220901024
GTCACTGGACTCTCAATATTCGG,0.062700126
TGAGTAGAGACTGGGCTCTCTGG,0.085296866
ATCGACATCCTCCACTCCATCGG,0.104990554
CCCAGTGAAGCGTGACATTCAGG,0.208004347
CAAGGACAAAGAACAGGAGCTGG,0.059867649
AACAGTGAGTATATGCGGAATGG,0.041520189
CTTCTTACCCACCAGGCTGCAGG,0.203585539
GGTCAGCACTTCACAGTCACTGG,0.21102604
CACGCGGATGCCCGTGCAGAAGG,0.042561443
CTGCTCCATGGCGTACTTCTTGG,0.068108276
CCGTCGTCCCTCTCGATATTTGG,0.034900126
CACTTTACCTTCACAGCACGAGG,0.079333856
GAGCCCGGCTTCTTCGTCACAGG,0.135877952
CAGGAGACCGCGCCGGTGGCCGG,0.19499231
CTCGCCAGCGCCTGGTTCTCGGG,0.034752665
CGCTTCTTCAGCCGGCCGTCAGG,0.045412728
AGCGGCTGCGGGCGGCCTGACGG,0.08613348
GTGCTTCTTGTCGGCTTGAAAGG,0.146326103
CCCACTCACCGTGGACTTCTTGG,0.111051871
GGCATCAGCTTTGCCATTCATGG,0.148950053
AACAACAATTTCTTGTTGTTTGG,0.224621024
ATCAATCAACCAAACAACCCTGG,0.039839687
CTTACATCATGTGACTGTTCAGG,0.081140126
CAATGAGAGAACGGTCAGCTTGG,0.072026646
ACGGGCGGTTACATCCGCCATGG,0.24521789
CGAGGCCATGGACGTGTTCCAGG,0.18026604
GCAAGATGGCGGACGAGGACGGG,0.065669154
TGACGATGCGCACGACCCGCGGG,0.039542258
CGCATCGTCAAGTCCGAGTCCGG,0.030789656
GAAGGGCGACGGCCCAGTGCAGG,0.11473651
CTTTCGTGGTCAGTAAATTCCGG,0.112894629
TAAATTCCGGGAAATTCAACAGG,0.032776113
AAAGCTCCTGTTGAATTTCCCGG,0.147412623
AAATTCAACAGGAGCTTTCCAGG,0.122809112
AGAGGAGGAACTGCGGCGCCTGG,0.20661814
GTCACCGCCATGTCGGGAGGTGG,0.146686354
GGAGGTCATACCCTCCACATCGG,0.037121443
TGGGAAACAGGAGGCGGTAAAGG,0.26464836
AGGTACTCACCTAAGCAATCTGG,0.065963198
AGTGCCCTTGGGTACTTGGAGGG,0.167248736
CGCAGAAACTCCAGTACTCGCGG,0.192289238
TTGGCATGTTCTTCACCGCCTGG,0.129718203
TTCCCTCCTCTAGGAGCTCGAGG,0.062328214
CATGGAAGTGTCACCATTGCAGG,0.159696636
CTTTCGGTACCTTCGCCCTCGGG,0.036644076
CCGGAGGGCCTGCACCGCCTCGG,0.149789426
ATATGTTCCTCGTGCCATCCTGG,0.086506897
GACTGCATTCCAGGTCAGTCTGG,0.12424999
GTGCTGTGTCACTCCATTGCTGG,0.216590303
TGTCATTCAGCCGTTCTAAGAGG,0.055567963
CCTCTTCCTGCAGGTATCGCAGG,0.037567211
TTCAGGACACTGGTCTCACTGGG,0.125132372
CCTCCTCCGAGAGGATGGCCTGG,0.230052769
CTACTCCGCCTTCGAGATGAAGG,0.039094358
CGGAGTAGGACGCGGACAGCAGG,0.378263658
TCCAGGTTCGGACCATGGACGGG,0.055243073
GCGGCAGCGAGTTGAACTTTAGG,0.076207085
GGTACCATTACCTGGCAGTTAGG,0.111919582
CTCGATGTATTGCAGGGTGGTGG,0.178934003
GGCTTCCATGTCTTCACCACAGG,0.070784891
CGCGTCCTTCTGCAGCACCCTGG,0.061172853
CAGTCAGGCCATAGCATTCCAGG,0.180675445
GAATGATGACTGCTGAATCACGG,0.028505016
TGCTGAATCACGGGAAGCCACGG,0.109877451
CCCACAGGCTGCACAGGAGAAGG,0.167521714
GGATGGTATCGTAATAGTGAAGG,0.032195424
CGTAATAGTGAAGGTGGAAGAGG,0.036383762
AAGATGAGGAAGACCACATGTGG,0.038875925
AGGAGGCGTGTCCTGTAGGGTGG,0.198746918
AATATCTCTGGGTCTGGAGGAGG,0.04783743
TGGCGGAATATCTCTGGGTCTGG,0.330531119
ACGGCTTGTTCTTACAATACCGG,0.15302464
CAGAAGCGAGACTTTGGGTACGG,0.279372979
ACTACTTACCAGGGACACCTCGG,0.318626772
CATATTCATCTGACACCATGTGG,0.198147399
GAATCCTGCCTTACCTTCAGAGG,0.156046584
TTCTCCCTACCTAGCCCTGGAGG,0.212777869
GTACTTATTGGCACAAATTCGGG,0.245985392
TCTTGTTGATGCGGATGACGTGG,0.328303888
AGGCTCCAAACAGGCATGCGAGG,0.192964577
AACTTGGCCAATGTGAACCCTGG,0.305894609
GTTCTGCAGCTTGGTGCGGATGG,0.263348903
ATGTGATTGAGGCCCTGCGCAGG,0.164470157
CTTGAACTTGGCCCTGCGCAGGG,0.26457511
CAGCACTACATACCTTCTGGCGG,0.266641443
CGGCTCATCCCAGATGGCTGTGG,0.376131599
GTGGCCCTCTGGACAAGTGGCGG,0.163561568
TGGCGGGCCCTGCACTCATGAGG,0.18521975
CTCTCGCGACACCCTGTACGAGG,0.196040189
GCGGTGCGGGAAGTCCTGCACGG,0.333351537
TCTGCAACTCCACCGTCTCCAGG,0.22670301
GGACCAGCAGCACTGTGACGAGG,0.40846953
GCAGCACTGTGACGAGGCTAAGG,0.277035925
CTGCTTGATCAGAGACTCTGAGG,0.243388276
AAGCAGATTCCACGAATCCTCGG,0.181103386
CATGGTGGCCAAAGTGGATGAGG,0.265622383
CTACAGCCAGACATAACACCTGG,0.17017837
TCCCTGTTGCAGCAGGATCAAGG,0.2661958
AGATGTTGAGACAGAGTTTGCGG,0.168653355
CTCTGTCTCAACATCTGTGTTGG,0.198226646
GACGCGAGCAGCCAAGGTGTTGG,0.176616239
AAGGTGTTGGAGCAGCTCACAGG,0.349979499
TGTGAGCTGCTCCAACACCTTGG,0.43048395
GCTGTCCACTGCACAGTTCGAGG,0.167629656
ATCAAATATGACCCAAGCATTGG,0.181533982
CTACGGCCTGGACTTCTATGTGG,0.163454985
TTGTCTGCGATGCTGAAACCTGG,0.248731725
GCAGACAAGAAGCGCAGGACAGG,0.208640439
CGATGATGTCATGAGGATGGCGG,0.269310032
AACATTACAGCCCACTGACTGGG,0.162886584
GGAACCATTAAAGAGATCCTGGG,0.297511913
AGAGTTCTCTGGCTAAGGATCGG,0.39507906
TCAACATTGCTCGACAGATGCGG,0.551833292
TGTCTCTTGGTGGTTCCTTGAGG,0.199405079
GGCTTTGATGATCAGGGCAGAGG,0.290044828
ATGATCAGGGCAGAGGCAGAAGG,0.226462383
ATCTCTTCTGCAGATTGAGGTGG,0.408047211
CGGGTGACTGGAAGGGCCTGAGG,0.196531223
AAGGCAACGGGTGACTGGAAGGG,0.352716552
GATGACATTGCCAAGGCAACGGG,0.324298245
AGTTGGTGATGACATTGCCAAGG,0.37160533
GGGATAACGTACCAGACCCAGGG,0.383753543
AGTCGGTGCCACTTCTGCCCTGG,0.216361819
AGTGGCACCGACTTCACCTCCGG,0.371340126
AGGTGCACCGGAGGTGAAGTCGG,0.222261881
GTATACCTGAGGTGCACCGGAGG,0.441825894
GCCATGGCGCCCAGCCGGAATGG,0.171330345
GGCGCCCAGCCGGAATGGCATGG,0.513307775
AGCCGGCCCGTAAGATCCGCAGG,0.343534859
TCTCCACCAGACGTAAGGCCCGG,0.195656364
GGCTTGCCGGGCCTTACGTCTGG,0.400820377
GGCCGGATGGGACCCGACGCGGG,0.247836678
GGGCCGGATGGGACCCGACGCGG,0.21270953
CTCCAGGCTGAAGCCGCGGCCGG,0.31619116
GCTTCAGCCTGGAGGAGCTCAGG,0.364317806
TACTCACCCTGAGCTCCTCCAGG,0.269774233
GGTGGCCGGCATTCACAAGAAGG,0.349068903
GGCCACCTTCTTGTGAATGCCGG,0.278671411
AAGAAGGTGGCCCGGACCATCGG,0.170341881
CACAGAAATGCCGATGGTCCGGG,0.177340502
GCATTTCTGTGGATCCGAGGAGG,0.194404828
GTTGGCCTGCAGGGACTCCGTGG,0.214720189
GGCCAACGTGCAGCGGCTGAAGG,0.248158559
GGCCACCCAGCTGACCGGACCGG,0.243325957
GCGGCTGCCGAAGATGGCGGAGG,0.318302759
GTCCTGGTGCTTGATGGTCGAGG,0.299132101
GTGGCTAAACAGGTACTGCTGGG,0.692699499
CCCTCTAGGCCGGAAGGTGGTGG,0.288536364
GTGGTGGTCGTACGCTGTGAAGG,0.232091098
ACCTGGCTTTCCTCCGCAAGCGG,0.230609091
TGGTGTTCATCCGCTTGCGGAGG,0.321718308
ATGAACACCAACCCTTCCCGAGG,0.300324703
GTCCGCCAGAAGATGCGGCTGGG,0.376397179
GCACGGTCCGCCAGAAGATGCGG,0.32280232
GGGCGCCTGGCTCACGAGGTTGG,0.417230659
CGAGGTTGGCTGGAAGTACCAGG,0.383466396
CCAGGCAGTGACAGCCACCCTGG,0.441113167
CAGCCACCCTGGAGGAGAAGAGG,0.251787148
CTCTTTCCTCTTCTCCTCCAGGG,0.338058872
AGAAAGCCAAGATCCACTACCGG,0.262583762
GAAACAGGCCGAGAAGAACGTGG,0.342270157
ACAGAGGTCCTCAAGACCCACGG,0.166412853
CCAGGAGTCCGTGGGTCTTGAGG,0.179597305
GGCTCAGACCAGGAGTCCGTGGG,0.25807743
CAAAGGAGACATAGGCCACCCGG,0.197421129
ATGGACCTTGCACTCAAGTGAGG,0.251259248
GTGAGCTGCATGCACTTGAAAGG,0.250605455
TCATCCTCAAGTTTCCGCACAGG,0.237536239
TGTCCGACAAGCCTGGCAGAAGG,0.357174358
AATCTTCTTGGCCCATCGTGTGG,0.213975988
GAAGATTGAAGCCAGAGAAAGGG,0.161052101
GGGTGCATACAAGTACATCCAGG,0.235697869
ATGTCATGCGCTTTCTTCTGAGG,0.229642571
TTCTTCTGAGGGTCCGCTGCTGG,0.340502132
TGTGGAGAGCAGAGAGCTGGCGG,0.433738621
GCTTGGCCTTGTAGCCCAGTCGG,0.217108527
TATAGGATTCGTGTTCGCCGTGG,0.266111411
AAGTTGCACCCTTAGGAACTGGG,0.267870533
TTAGCTGGTTAACACCATGATGG,0.285853355
AAGCCTTCAGTCCGTTGCAGAGG,0.242130095
GAGCGAGCTGGACGCCACTGTGG,0.366038057
GTCCTGAATTCTTACTGGGTTGG,0.185233292
CTTTATGGAATGGATCAATGAGG,0.298700502
GAAGAAATCCTGACACCCAGTGG,0.323596803
TCTGCAGGCCGAAAGAGCCGTGG,0.34713837
AAAGAGCCGTGGCCTTGGAAAGG,0.261076928
GAGAGCCACCAATAGTGTGGTGG,0.609940627
TCACTCAGGTGGGAGTGCAGTGG,0.240110659
TCACTGCAACCTCTGTCTCCCGG,0.463986145
GATTGTTCCTAAACCAGAAGAGG,0.361645204
CCGTAAGGATCATCTCAATGTGG,0.313312414
AATCCGACCATGAGCTCTGTAGG,0.247632164
GAGAATCTACATCTAAACCCTGG,0.416739123
TGGAGTTGGCAGGTGTGCGCAGG,0.180129844
GAAACTGCTCAGGCCATCAAGGG,0.213424013
GAACACTCGTGAAACTGCTCAGG,0.155217618
GGTTCGCTATTCACTTGACCCGG,0.172031913
GGCCTGATACTCACTTGGTGTGG,0.453967336
GGTGTACCGGCATTTCGGCAAGG,0.354016991
CCTTCCCTAGGTCCTCGCAAGGG,0.27865185
GCAGCCGCATCCTCAGGGCAGGG,0.211268653
TCAGGAGGTACCCAAACTGAAGG,0.196514044
TGATGATGTGCGGGTTCAGGAGG,0.289035549
GACCATAACTGATGATGTGCGGG,0.38377975
GGGAAAGGGACAGAGGCGGCCGG,0.289955675
ACAACCTCTTCAACACAACCTGG,0.29850301
CAACACAACCTGGTTGAATGTGG,0.180415737
AACCTGGTTGAATGTGGAGTTGG,0.338453982
TCACCTTGACCAACAGCCTCAGG,0.156847587
ATAACAAGGACCGAAAGGTTCGG,0.238181004
CCTTTCGGTCCTTGTTATGGCGG,0.173685706
GCTACGAGAGTACAAGGTAGTGG,0.21405837
AAAGATTCGCATGCGGTAGAGGG,0.273634546
TAGGCGCAAAGATTCGCATGCGG,0.326019499
GGAGATTGTCTACTGTGGGCAGG,0.265318559
GGGTGAAGAACTTCGGGATCTGG,0.226545016
TCTGGCTGCGCTATGACTCCCGG,0.272372226
GTATTCCCGGTACATGTTGTGGG,0.272319687
TACCGGGACCTGACCACCGCAGG,0.285786897
TGACAGCGCCTGCGGTGGTCAGG,0.178897994
CTGGGTGACAGCGCCTGCGGTGG,0.449932979
GACAGGCAGCTTACAGCACTGGG,0.188131223
GATCTGAATGGAGTGGGCTCGGG,0.246671787
CTTCATGATCTGAATGGAGTGGG,0.230448088
CATGAAGGTGGAGGAGATCGCGG,0.333251223
CTGACGGCGCAGGACCCGGTGGG,0.499078057
GTGGCTTGTGCTGACGGCGCAGG,0.292195549
GAAGGTGTTGGGCCTCTTGGTGG,0.262374734
GCCTCTAGTGTCCTCCGCTGTGG,0.342944389
GCTGTGGCAAGAAGAAGGTCTGG,0.261809217
GTACTCACGGGAGTTGGCATTGG,0.209951913
TCCCAGGTACTCACGGGAGTTGG,0.322198182
AAGGGCAGGCACATGGGCATAGG,0.253237932
GTATCACAGCCTGTACCTGAAGG,0.266691725
GGAACACATCCACAAGCTGAAGG,0.260785769
GGCCCGCAGGTCTAAGACCAAGG,0.338350283
AGAGCGCCTCCAGGCCAAGAAGG,0.195629405
TCTCCTCCTTCTTGGCCTGGAGG,0.194550157
TGACGAACACAAAGGGAAAGAGG,0.180830784
AACACAAAGGGAAAGAGGAGAGG,0.372358935
ATTCGCATATATGTGGCCAAAGG,0.204812352
TATATGCGAATCTATAAGAAAGG,0.393616615
AAGCCAAAGAGAAAGGTACCTGG,0.35538138
CTGGCGCTTTAGTTGAACCCAGG,0.35059116
TGTGCTTCTCTGGGTGGAGCAGG,0.298868527
ACAAAGTGTGCTTCTCTGGGTGG,0.253602446
GCACACTTTGTGAGAACCAATGG,0.23171116
CTTTGTGAGAACCAATGGGAAGG,0.347744013
CAGCTCAGGCTCCTTCCCATTGG,0.15305348
GGAATAGGTTCCAGCAGCTCAGG,0.298697994
TCTCTCAGTACATCCAGCAGTGG,0.302180126
TGGTGTGGGTGACATGGTGATGG,0.178516301
AGACTTCCCGCTGCTGGTGTGGG,0.206775863
CTGAACAGACTTCCCGCTGCTGG,0.272553041
CAATTGATTACAGCTCCTACCGG,0.231548402
GCGTTCAAGATGTCGAAGCGAGG,0.231175236
GATGGCGCCGAAAGCGAAGAAGG,0.220254107
GCGCCGAAAGCGAAGAAGGAAGG,0.199600565
TAAAGCTGAAGCCAAAGCGAAGG,0.430998809
GAAGGCTTTAAAGGCCAAGAAGG,0.446230784
TCCGCACGTCACCCACCTTCCGG,0.33869674
GTCTTCGGCCGCCGGAAGGTGGG,0.240438182
GTCGCAGTGTCTTCGGCCGCCGG,0.178829781
GGCCGAAGACACTGCGACTCCGG,0.246425769
GAGGATATTTGGGCTGTCTCCGG,0.390336113
AGTACTGACTTGTTTCTCCTGGG,0.253176113
GAAACTTGATGATAGCATAGTGG,0.259208214
ATGGCAGACTCAGTGGTCAGCGG,0.194104891
CAACACACTTGTGTTCATTGTGG,0.176073794
CCGAATCAGGGTGTTGACCTTGG,0.318836301
TAGGCCTGATGGAGAGAAGAAGG,0.30546464
AAAGCCAAATCTCGCCAAGTAGG,0.155494483
AATGGCACAACTGTCCACGTAGG,0.322347273
GCGATCCATGCCCATCCGAAAGG,0.293092352
TGTCTCAGCTCTTTGGAAAGAGG,0.300190157
ATCTTCCTTCGAATGTGGGAAGG,0.206696113
TTTGCGATTCTTGCTTCGGTCGG,0.165873167
CCACACAGCCATCCAGACTGAGG,0.22177837
GTATTCCTGCAGGCAAGCACCGG,0.248302759
GCAGACCACCAGCATTACCGCGG,0.41498928
CTGGTGGTCTGCATCACCACCGG,0.163689969
ATTTGTCGAAGTTGATCCGGTGG,0.235209468
TTACCTCTTCCTAGCCACCCAGG,0.497966834
CTTTCCCAAAGTAGCCTGGGTGG,0.154343888
TGAAGCATTACCACTTAAAGAGG,0.228011599
TGACAGTTGGGCAGAAGCTCTGG,0.451273668
ATTTGTCAAGGTTGACAGTTGGG,0.195472038
GATCGCACCACATCAATGATGGG,0.166885204
AATTTGGCCTTCACGATGACAGG,0.321422383
GGAGGAGAAGAAAGCATTCATGG,0.272382759
CTTTCTTCTCCTCCATGGTCTGG,0.169852853
TCTCCTCCATGGTCTGGAAGCGG,0.246480063
CCATGGCCGCTTCCAGACCATGG,0.34525975
GCCATGGCCAAACTTGGAGGTGG,0.225167085
AGGTGGTGTCAATGAACTTAAGG,0.185405079
GCTGGTGCAGACGAAGCGGCGGG,0.275036427
GCGGGTGCTCACCCTCCGCAAGG,0.199024264
TGTGGTGGGAACCAAGAAGCGGG,0.227434922
CATAGTGGACAAAGCCACCCTGG,0.234910408
TGACAAGAGCATCAACCCTCTGG,0.156708778
GTCAGATAGGTCATAGTCAGTGG,0.235882446
GTGGCACGCGCTGGGCAGAAAGG,0.167361944
TGCTCGTGTAGCCTTCTCTGTGG,0.211875549
GACCCACCGAGGCCTGCGCAAGG,0.209239938
TGTGAACCAAGTGTTTGGGCAGG,0.343173856
ATGGAGATCCAGGTGAACGGAGG,0.453278559
GCACTGGGCTCACCTGGGTGTGG,0.153674546
CCGTGTCATTGCCCACACCCAGG,0.42217348
CAAGTACTGCAAGAAATGGCAGG,0.278126458
TTTCTTGCAGTACTTGGTAAAGG,0.179630032
AGAGGCGTTTCTATAAGAATTGG,0.246413982
TGTGGGCATTGTGGGCTACGTGG,0.356344138
TGTAGAGACACCACCCATGGTGG,0.6042279
GAACAAGAAGGAGGTGGTGGAGG,0.324384389
AGAGGTGAACAAGAAGGAGGTGG,0.167477179
TGTCTGTACATACTGGATCCCGG,0.198432414
CGTGCGGGAAGTCGACAGGCCGG,0.183042446
TGGCATGACTCACATCGTGCGGG,0.183847211
TCATGCCAGCCTTGTATCCCAGG,0.391415236
GCCTTCCTGGGATACAAGGCTGG,0.183314922
TGTATCCCAGGAAGGCTGTGAGG,0.351057618
GAAGGTGAAGAGCTTCCCTAAGG,0.430360439
TGCCTGCTGCTGCGCTTCCGAGG,0.317793919
GAGGGACCCATGTCTGGGAGCGG,0.273887085
AGTTCTCCGCTCCCAGACATGGG,0.231955173
ATACTACAGAGTGTGCACACTGG,0.161249969
ACTGGTGTCCATCACTACAGTGG,0.339852602
ACTCTGAAGATGATCAGACAAGG,0.256291098
TTCACTGCGCAGCCTGGCATTGG,0.261025894
CAAGAACCGCAAAGCCATCGTGG,0.227726834
GGAAACATTGTGAGCGATCTCGG,0.259881317
ACAAAGCACATGCTGCCCAGTGG,0.384060251
GTTGCTTCCATAACCAATGTTGG,0.209435549
CAGATCTTGATGCCCAACATTGG,0.296191662
CGTAACTGGCGGAAACCCAGAGG,0.285338872
ATTTCCTTCAGCGTAACTGGCGG,0.2083158
CATATCGGTCTGACTGGTGCCGG,0.182368464
AGCGTTTGACATACCGACGTAGG,0.209883323
TATTGTAGGAAAGCCTACGTCGG,0.206189906
GGTAAACAATTCTATTACCAGGG,0.184523574
ACCTTTATACCAAGAAGGTTGGG,0.272850722
TCTGCATGTGGTGTGTGCCCAGG,0.434892226
AGCACACATGGAACCACCATAGG,0.254264389
GTGCTAAATGTGTTCGTGACAGG,0.186945267
GTACCCGCTGCGGAAGTACGCGG,0.265812101
AGAAGCAGCAGCGGAAGGAGCGG,0.18136696
GACCAAGAAGCAGCAGCGGAAGG,0.24188696
TCTCCTCGTGCTTGTTGAGCCGG,0.23268859
TCACCTTGTAGAATTTCCTGAGG,0.233410345
CGCGTCGCCAAAGTGACAGGCGG,0.26218928
ACAGCTGGACGACCTGAAGGTGG,0.335887461
TCAAGGCTCGAGATCTTCGCGGG,0.30491116
GACATGATTCGGGAGGTGTGTGG,0.191987649
GCGCGCCATGGAGTTACTGAAGG,0.344687838
TGAAGGTCTCCAAGGACAAACGG,0.182351286
GGACGCACATCCGCGCCAAGAGG,0.385799311
ACATCCGCGCCAAGAGGAAGCGG,0.316757806
GGAGGAGCTGAGCAACGTACTGG,0.173529342
GCAACGTACTGGCCGCCATGAGG,0.187767838
AAAGTGACACAGTACAAGAAGGG,0.295971975
GACACAGTACAAGAAGGGCAAGG,0.24653348
GACAGGAAGCAGAGTGGCTATGG,0.372700627
CTGCAGATCTAAGAGAATGCTGG,0.230027148
GGAGGAGATAAGAAGAGAAAGGG,0.227249342
CGGAAGCAGAGTGGCTATGGTGG,0.479286834
GACACAGTATAAGAAGGGCAAGG,0.170165204
GGTAAATACGGGACCCGCTATGG,0.217267775
TGGTTCCTGCATGAAGACAGTGG,0.564441443
TGCATGAAGACAGTGGCTGGCGG,0.289422383
GCCAGCCACTGTCTTCATGCAGG,0.365026521
CTAGACTCACTTGTACGTCCAGG,0.331358684
CGTGACAGCGGAAGTGGTACTGG,0.435345267
ACATTTGGCATCCTTTCGTCGGG,0.270668402
CAGTGATGACCAGGGTGTAAAGG,0.170835173
GGTAGGTAAGAAAGGAAAGAAGG,0.305838935
ATTACCAGGGATGTTTCTGAAGG,0.209105769
ATCATCTATAATGAGGATAATGG,0.169423261
CCCTGCGCTGGATACGGCGACGG,0.373720565
GCCAGCTCTCATTCGCTGAGAGG,0.188288715
TGAAGGCTACAAGAAGACCAAGG,0.667975737
GTAGTTGAAGATAAAGTTGAAGG,0.270353919
TCAACTACCAAAGGAAGTTCAGG,0.22717511
CCTTTAGACATGACCAGTGCTGG,0.377310784
AGACATGACCAGTGCTGGTAGGG,0.190526333
GACCAGTGCTGGTAGGGCTGAGG,0.397713919
GGCAGCCAGGGCAGAACAGATGG,0.572781881
ATACGCCATCTGTTCTGCCCTGG,0.389812728
TGTTCACTCTACGATGCCAACGG,0.407827148
GGTGGTGGGACTCACCGCTCTGG,0.42727254
AGTCCCACCACCTCGAACTCTGG,0.16035091
CGAATTCCCAGAGTTCGAGGTGG,0.407278308
TATGCTGTCAGTGAATTAGCAGG,0.201688966
ATAGGAGCCTTGAATACAGCAGG,0.302548151
TCGGAGTACACCGATATCAGTGG,0.321059123
GTGTGCTCGCCCACTGATATCGG,0.169699875
CACTTGGTATCTCTTAAAGTAGG,0.224397806
GTGAAATTTAGAAGACGACGAGG,0.182065643
GATTGCTTATGCCCGTATAGAGG,0.205142258
GACTGGTGATGAATACAATGTGG,0.268488088
AAATAGCAGGTGAAGGCACCTGG,0.170164201
TGCATCCAAATAGCAGGTGAAGG,0.255460126
GGCCTTGCCAGAACTACCACTGG,0.246680816
TCCATCCACAGCTCCCTTCAGGG,0.446745769
TGCTTTCAGAATCATAACCAGGG,0.263222759
GAACAGCGTAACTCCAGACATGG,0.215054483
TCAGAGCAAACACAGATCGCAGG,0.225980126
ACACAGATCGCAGGTAGCCCTGG,0.209414233
CGCAGGTAGCCCTGGAGCTGAGG,0.158721944
CAAGATTGATCAGAAAGCTGTGG,0.27412395
CGGAAGCCCAGACACCAGGAAGG,0.315748151
ACTTCAAGAAGAAGAAGCTGCGG,0.185771725
GGAACTCGATTGAGGACCAGAGG,0.170646458
AGTGGCTTATTACTTGTGACTGG,0.21709511
CAAGAACGGCGGTACCCGGGTGG,0.171920189
GTTGGTGGTGACAAGAACGGCGG,0.182087587
GTACTCAGCCGCTAAATCCAAGG,0.211566333
ACCTGCCAATTCCTCTGACAAGG,0.156241568
CCTGTCCTTGTCAGAGGAATTGG,0.234776239
GGACAGGGTTGCGGCTGCAATGG,0.398023888
GAAGGTTGATGCTGGTGGCAAGG,0.200064264
GCCAAGAAGGTTGATGCTGGTGG,0.199750533
GAAGAAACCCGAAGCCAAGAAGG,0.265430032
TGGAGATGCTGGCAACAGGGAGG,0.332829656
TTTGTAGAAGGTGGAGATGCTGG,0.224386396
AAATTGTCTTCTCCACGAGGTGG,0.300117305
AAGACAATTTGAAGGGCCACAGG,0.243237681
AAGAGGCAAATAACTTCCTGTGG,0.351643574
ATACGGCATCATCTGCATGGAGG,0.262772602
TGTAGAGCCATATATTGCATGGG,0.167921819
AGCCTTGTTGAGCTTCACAAAGG,0.221579248
TTCCATTGAAGATTTGACGAAGG,0.15775743
CGTTTGTCATCAGAATCAGAGGG,0.219074671
GTACAGAACTGAAATTCGAATGG,0.185117179
TTTCCGGCTGGAACCATGGAGGG,0.316552164
TGCCCAGCCGAAAGGAAAGAAGG,0.321409844
GCCGAAAGGAAAGAAGGCCAAGG,0.23389348
GAAGCAGGAGGCTAAGAAAGTGG,0.22902464
AGAGAGCCATCCTCTATAAGCGG,0.195084201
GTGAACTGGTTAATCGCAGGAGG,0.307839185
TGCGATTAACCAGTTCACCCAGG,0.437878559
TGTCTCTGGTCTGTACTTGTGGG,0.280349029
AGAGAAGAAGCAGAGACTGTTGG,0.245997054
CGGGCCGAGAAGAAGGCTGCTGG,0.170344138
GTTCTCCACCAAGGTGGTGACGG,0.337058621
TTTCTTGTTCTCCACCAAGGTGG,0.218952038
GGAGAACAAGAAAGCTCAGCTGG,0.196919938
GGTGGTGATTGCACACGACGTGG,0.528659624
CAGGCAAGAAGACAACCAGCTGG,0.229091348
TTACTGCATTATCAAGGGAAAGG,0.391414734
CAGTGGTGCAGGTCTTCCTGTGG,0.259888966
CACCTGTGTGAAGGCGACAGTGG,0.275433794
TTACGAGTTCACCTGTGTGAAGG,0.221238308
TAGGGAAGACAAAGGCGCTTTGG,0.20495906
CCCGGAGACGTCCAGTCCGGCGG,0.219377869
GGCATCTCTGCGGATGGTGGAGG,0.33634928
GAACTGCTGGCCACGAGTACGGG,0.351968841
ATAAGGCAAAGAGGAACTGCTGG,0.456120941
GACAAACCCATCTTGAAGGCTGG,0.268310283
ACAGGTGTGGTGGCTGGAGGTGG,0.2729079
AACCACAGCTCTGTTGGCTGAGG,0.258742634
GGAGATAACCTTCTTGGAGCCGG,0.252366709
GCAAGCTGGCCCGGGCATCAGGG,0.276870032
ATGCCCGGGCCAGCTTGCCACGG,0.277539624
GAGGAGAAGCCTGGAGACCGTGG,0.30354928
TACAATCGTGTGCTGCCTGGAGG,0.281355298
CAGCACACGATTGTACCCTCAGG,0.394847461
ATTGGCAATGTGCTCCCTGTGGG,0.347619875
CTTGCAGCCCAGCTCAACATTGG,0.251528339
CTGGCCCGTGTGAATGCCCTCGG,0.252789906
GCCCGTGTGAATGCCCTCGGCGG,0.479863261
GAGCTGTTCATTGCCGCCGAGGG,0.240713919
CGGATCCCGGAAGACCACCTTGG,0.162696866
CAGGACATCATCCACGACCCGGG,0.24807279
CTACATCAAGGGCATCGTCAAGG,0.185807211
GAGCGGCACGGCTACATCAAGGG,0.43953022
GTGGATTTCGCTGAGCGGCACGG,0.190584389
GCGCCGTGGATTTCGCTGAGCGG,0.269950533
GCGCACGTGAAGCACCGTAAAGG,0.36127906
GTGCGCGCGGAACACAGACCCGG,0.214567211
CGTGGACAGAGGAAGGGCGCCGG,0.22787743
GTGATCCGTGGACAGAGGAAGGG,0.221390408
TCCACGGATCACACGGCCCATGG,0.294787022
AAAGATGAATTAATCCTTGAAGG,0.219688715
CGCAGGGTTCGGATGAGACCAGG,0.271092352
CAACAAGAGACCCATTCTCCTGG,0.332590283
ACACAGACCTCATCTTGTAACGG,0.1935879
AGGGCTTCCGTTACAAGATGAGG,0.344046333
CATGATCAAGGGTGTTACACTGG,0.385411975
CATGTACAGAACATGATCAAGGG,0.314549154
ATGACTACAAATAGTCCGAACGG,0.316205204
GAAAGGAACTGGCTACCGTTCGG,0.335910533
GCTCCGGGTTGACAAATGGTGGG,0.54186464
TGTGATTGAAGTCCCTCCGCAGG,0.266603574
CTAGTCGACATTACTCTGAAGGG,0.371513668
TGCTTTCTCTTACAGAGAGGCGG,0.159566834
TGGTGCCGACAAGAAAGCCGAGG,0.361727211
TGGCACAGCACTCCGTCTGTAGG,0.290099123
GACCTGCGAGACTCACAAGAGGG,0.152991411
GTAGCCGTCCAGAGACTGGCAGG,0.165676301
TCTCTGGACGGCTACGGCGTAGG,0.378189405
AGGGTGGCAGGCACAATCTCCGG,0.282116176
GAAGGTAATCACGGAGATACTGG,0.165483073
GAGATACTGGATACCCTCATTGG,0.184004076
ACTGGATACCCTCATTGGTAAGG,0.270957555
TACTGGTACCTTACCAATGAGGG,0.284610847
GTACCAGTAGAAATGTCTCCAGG,0.324951411
CAAGTCCCGAGGCTACGTGAAGG,0.326183637
TTACAGTCTCTCAAGTCCCGAGG,0.19561185
GGCCTTCATGACATGAAGGTTGG,0.340501004
GCTCCGGGTGCTTAGGCATGTGG,0.171768966
GGGAGTCATGGTGGCCAAGAAGG,0.406110533
GGAGTTCATAAATGGCAATCCGG,0.29466138
CCTGCTGGGAGAAACTGGCAAGG,0.165284703
CTGGCAAGGAGAAGCTCCCGCGG,0.317364703
GTACTACAAGAACATCGGTCTGG,0.17813649
TCTGGGCTTCAAGACACCCAAGG,0.423647838
AATGGACACATTACCAGTGAAGG,0.316336364
TGTAGTGCAGATAGTCTCGGCGG,0.349708026
TCTTGTGGCGCTTCTCGAAGCGG,0.219854233
CACTGCGCTCACCTGAAGCAGGG,0.197939123
GCACTGTCTTGCTCAGAGGCCGG,0.15981812
CAACGTGCTCAAGGTCACCAAGG,0.319029405
CTCAAGGTCACCAAGGCTGCCGG,0.267722571
CTGGAACTGCTTCTTGGTGCCGG,0.311297869
TGCTAGGCCATCGTGGATGAGGG,0.440318433
ATCCACGATGGCCTAGCACGTGG,0.27573812
CAAGCACACAAAGATGGGCTTGG,0.275052101
GGATGCAAGCACACAAAGATGGG,0.263595173
TATGTATGTCAAGTTGGTGGAGG,0.291660251
AAGAAACTAGGAGAATGGGTAGG,0.298948653
GGACTATGGCAAGGAGTCTCAGG,0.170846709
ATCATCTACAGCCTCTGCCCTGG,0.205681944
GCATCTTGAGAGGAACAGAAAGG,0.209027399
CTGTTCGAAAGCATCTTGAGAGG,0.15477649
GTTGACATCTGACGACGTGAAGG,0.421369593
CAGGAAGGGCCTGTCCCAGTCGG,0.181923449
TGGGTCGCATGCATGCTCCCGGG,0.361573606
GGTATGAAGATCGGGCGGATTGG,0.182686207
GGATGTGGCCCAGAGGTGCAAGG,0.162169342
GCAGCCAACATAGCAGCATATGG,0.248187399
GACTGGTGGGATGAAGGTAAAGG,0.336908402
CCGTGTGACTGGTGGGATGAAGG,0.267528464
CCATCTGCCGTGTGACTGGTGGG,0.263518057
TGCCAGAAAGATCAGTGACATGG,0.168139123
CATTGAAGGATGCAAAGATATGG,0.170178621
CTCGGACCTCAGGTGGCTGAAGG,0.311706396
CATCAGCCTCGGACCTCAGGTGG,0.231514671
GCGGTAGGTGAACTTGCGGAAGG,0.313828903
GTCGAGGTCCACGCCGCGGTAGG,0.38875279
ACAGTGCGCGCCAGCGGCGGCGG,0.418138621
GGCGCCGCCCATGGAGAAGCCGG,0.252959562
AGTGGTGAAGACGCACCTGCGGG,0.361236928
GTAGGATGATCATGTCCCGCAGG,0.389940126
CATGATCATCCTACCCGAGATGG,0.409500878
TGCTGCCCACCATCTCGGGTAGG,0.280024389
AGCATGGTGGGCGTCTACAACGG,0.163114546
CAACGGCAAGACCTTCAACCAGG,0.311949154
TGGAGAACTCGCCCAGGTAGTGG,0.157435298
AGGTGATGGAGAACTCGCCCAGG,0.383751537
ATGGTCCATGATGCCAGCTGAGG,0.418743762
ATTGTACTGACAACCTCAGCTGG,0.245052352
TGACGTGCAACTCAAAGACCTGG,0.229180627
TTGTTGTGAACCTCACAGGCAGG,0.307497743
CTCACTGTGATGATGAAGCATGG,0.292468903
TCATCATCACAGTGAGAAACCGG,0.266964703
GAGAAACCGGACGATGACTTTGG,0.389871411
CGTGCTCCAAAGTCATCGTCCGG,0.193435549
AGCACGGCCTAATAAGCACCTGG,0.280261004
AATGGTGCGCATGAATGTCCTGG,0.343208715
GTCACGATGGGCTTATCGGTAGG,0.497418621
GGTCAGCTACCAGCAGGGTCCGG,0.229998433
GGGTCCGGTCATACTGGATGAGG,0.332365831
GTAATAGGCCACCAGGGCTTTGG,0.179465392
TCAGTCCATCTCCAAAGCCCTGG,0.323750659
TGCGCGGCTCAATCATCTCCAGG,0.289747649
GTCTCATCAAGGTGAACGGGCGG,0.285759938
ACGCGGCAATGGTCTCATCAAGG,0.165456239
GCTGTGGCGCACTGCAAACGCGG,0.365470032
ACAGAAGACAGCGACAGCTGTGG,0.177358308
CAGCGGGCCCTTGGACGGCATGG,0.162657618
TTGAAATTCATCCCAACTGTAGG,0.187880565
AGGTCACTCAGCCTACAGTTGGG,0.256964703
TGGACAGACTGCCGAAGTCCTGG,0.205424264
TTCAATAATCTCCTGATCCAAGG,0.181151662
GTAGGTCTCAGCCTTGGATCAGG,0.223007461
GAGAGACAATTATGTTCCTGAGG,0.235690847
CTGATGAAGCGAATTCAGAGAGG,0.220697493
TCGTGTGGAAGTCGTTGCCCAGG,0.380453606
GTACTCAACACCAACATCGATGG,0.178106772
CTTAATGGCAGTGATGGCAAAGG,0.189034797
ACTTACCTTAATGGCAGTGATGG,0.20031116
GGGCCGAAGATATGCTCATGTGG,0.57033511
CAGACATTGACCTCACCAAGAGG,0.436930345
ATTGACCTCACCAAGAGGGCGGG,0.216218245
GTTCTCCCGCCCTCTTGGTGAGG,0.177043825
GGGAGAACTCACTGAGGATGAGG,0.337153919
TGGTGATCACACGTTCCACCTGG,0.228551662
ACCAGTCTGGGATCTTGTACTGG,0.184849091
GTCTGTTCAAGAACCAGTCTGGG,0.25325837
CTGGTTCTTGAACAGACAGAAGG,0.251770095
TGAATCCAGGTCCTAGCCAATGG,0.523116301
GAGCTTGTTGTCCAGACCATTGG,0.171410722
CAACAAGCTCCGTGAAGACCTGG,0.291372602
TCAGTCGCTCCAGGTCTTCACGG,0.21493837
TGTGCTGGCCTCGGACACGAAGG,0.509712916
ACCAAGACCACTGGCCGCCGTGG,0.184972979
GGTGCGGCCACGGCGGCCAGTGG,0.232499248
CCAGCTGTGGCTACAACATAGGG,0.227121944
GCGGACTCAGGCTCCAGCTGTGG,0.504654985
ACACCAGAGTCTCCGTGCAGCGG,0.258674295
CTCTGGTGTGGGTCTTGACGAGG,0.46058953
GTGGTCAGTGAACTCCTGATAGG,0.165785142
TGAATACAGTCTCCTTCCAGAGG,0.437524577
ACAGTCTCCTTCCAGAGGTCGGG,0.222125079
GTAGCTGTAGGTCTTAGAAATGG,0.423896113
TGACTGCTACACCTCAGCCCGGG,0.535291599
ACGCCTCATCCCTGCACCCAGGG,0.240253731
GTACCAGCACAGAGCCGCAGCGG,0.295549656
CTACCTTGCAAGGGACAGTGTGG,0.253709154
GGAGAGCTTGGCCAGGATGATGG,0.375924954
TGTTAAGTGCTCCAAGGAGGTGG,0.225079938
TCTGGGTGTTAAGTGCTCCAAGG,0.4439879
ACTTAACACCCAGACCGACGTGG,0.237447838
TACAATGGCCACGTCGGTCTGGG,0.272567085
ACAGCCGGGTACCTTGAACCTGG,0.468762571
GTGCAGAAGCAGACCCGTGCCGG,0.431497367
CATGAAGATCAAGTCCCTGGAGG,0.462638433
CAAGTTGGGCCGCTTGGTCAAGG,0.258270533
CCTTGCCTCCGCGAGCTCCGCGG,0.413517681
AGGTTTCGGCAGTGGCATCCGGG,0.166619499
TGCCACTGCCGAAACCTCCGCGG,0.357361066
GGCCCTGGTGGCCCTGGGATGGG,0.259625016
GCAGAACCCATGGATACAGAGGG,0.337611348
ATCTACAGATGCAGAACCCATGG,0.206013355
GTTGACTTAAGCATCTGCAATGG,0.222511787
GTGACTTCCACCTCAACTCCTGG,0.213984264
TATTGAGCCAGGAGTTGAGGTGG,0.24265837
TGGTGAAGGTTCTAAGACGTGGG,0.516468903
GTCTTAGAACCTTCACCACAAGG,0.179982258
CCGATTTACTTTACCTTGGTAGG,0.265678809
GTGTGTGCTGACTTGATAAGAGG,0.241221254
AACACCCGTGGAGCCGGAGGTGG,0.194281944
CTGTGCCCGATGCGTGCCCAAGG,0.214372477
TAGTGGAGGCCGCAGCAGTCAGG,0.399677681
AGAAATGTCCCTGACTGCTGCGG,0.250384515
TCTGAAGCGAGCGTCTTCGATGG,0.293713041
ATACAGCTTGGGAAGCACATAGG,0.23695254
TGTAGCTTCACATACAGCTTGGG,0.32541975
AAGAACTCAGCTCCTTACATGGG,0.287959938
CCTTCATCCCTCTCCAGAAGAGG,0.446058872
GAAACACAAGAAGAAACGCCTGG,0.226215988
GCATTTCACATCCATGAAGTAGG,0.271399562
TTCATGGATGTGAAATGCCCAGG,0.469321944
TTGTGCATGGCTAAAGACCGTGG,0.48628533
TGTAGGCTGGCAGAGGACAGTGG,0.277651599
GTCCTCTGCCAGCCTACAGGAGG,0.482015863
TTAGTGCTGCTTCCTCCTGAAGG,0.301212728
AAAGGCCAAGATCCAGGATAAGG,0.281161819
GCTGGCAAGCAGCTGGAAGATGG,0.382401317
GTGCTTATTCTTCTTGGGAGTGG,0.389267273
GAATAAGCACAAGAGAAAGAAGG,0.282606709
CAGAAGGGCACTCTCGACGAAGG,0.278481944
GAGTGCCCTTCTGATGAATGTGG,0.388910283
CAGCACCACATTCATCAGAAGGG,0.277213104
CACTTTGACAGACATTATTGTGG,0.377661129
CGTCAGTACGCGAAGGATATCGG,0.172981881
GTGTTTCCGTCAGTACGCGAAGG,0.440878809
CGTACTGACGGAAACACTGGCGG,0.614407461
AACACTGGCGGCACATATTGAGG,0.326819875
GGTGGCTCCAGTACAGCTGCTGG,0.329733229
TGGGTCACCAGCAGCTGTACTGG,0.293517179
ACTCGGGAGCTGGCTGAAGATGG,0.286949154
AGGTGCGAGTTACACCAACCAGG,0.21940232
ATGTTCTTGGTGAGAAGGGCCGG,0.176539499
CAGTCAGTTCCCGAATCCGCCGG,0.464976239
TGACTGCTGTAGTTCAGAAGAGG,0.537315048
GCTGTAGTTCAGAAGAGGTTTGG,0.227223762
GAAGAGGTTTGGCTTTCCAGAGG,0.322320189
AATGGCACACAGACCTCTAGTGG,0.263061881
AGGTCTGTGTGCCATTGCCCAGG,0.405330095
CAGAGACTCTGCCTGGGCAATGG,0.372358308
GTAACGCAGAGACTCTGCCTGGG,0.156457367
TCTCTGCGTTACAAACTCCTAGG,0.245142383
TCCTAGGAGGGCTTGCTGTGCGG,0.183517555
GGGCCTGCTATGGTGTGCTGCGG,0.327367336
GTGGTGTCTGGGAAACTCCGAGG,0.295714295
GATGGCCTGATGATCCACAGCGG,0.409162195
AGTTAACAGGGTCTCCGCTGTGG,0.180337994
TGTCAACGTAGTAGTTAACAGGG,0.2765558
AGGTGAAGATCATGCTGCCCTGG,0.198796803
ATCTTACCAGTTGGGTCCCAGGG,0.184477681
CTGACCAGCACCATGGCGGTTGG,0.266282696
CTTGTTCTTGCCAACCGCCATGG,0.277269154
AAGAACAAGCGCCTTACGAAAGG,0.189865142
ACGCTCGTCACCAGGACCCAAGG,0.219988778
AACTGCCTGACTAACTTCCATGG,0.275813731
CCTGACTAACTTCCATGGCATGG,0.342811223
CACGGGTAAGATCCATGCCATGG,0.351443449
GTTGATGTCAAGACTACCGATGG,0.387003198
CAGACGAAGCAAGTAACCATCGG,0.176419624
TCATCTTCTTCCGGATTTGGCGG,0.198328088
GATGGAAATCATGACCCGAGAGG,0.361921693
GACAAATGACTTGAAAGAAGTGG,0.24465837
CTCTCTCTTCAGCAATGGTGAGG,0.398894233
GTTCACGTGAAAGATGCCAATGG,0.43064696
GTGTGATCACCAACAGAGAGAGG,0.362804076
GTGACTGGAGGTGCTAACCTAGG,0.228558684
GGTAACCTGTGTATGGTGACTGG,0.263932352
GATTTCATCAAGTTCGACACTGG,0.20816533
GCATCATGAGTCACCAGATGAGG,0.376541129
ATGTACAGCAAAGCGACCCTTGG,0.388127085
CGTCTGATCTATGACACCAAGGG,0.363049969
GTCATCAGCATTGACAAGACGGG,0.4679637
ACCCATGAATCCAGCAGGGTAGG,0.281627148
TAAAGAAGATTTGCATGCAGCGG,0.209859374
GGAGACACTCTCTCAACTTGTGG,0.242941631
CAGGCTCCTCGTCCATCCACCGG,0.230400941
TAAGATACTTACAAACACACCGG,0.246185267
GGGTGGCAGCTCCAAAGCATTGG,0.388501631
CAAGAAGCATCTGAAGCGGGTGG,0.283970722
CCTGTCCCAGGATGACCGAGTGG,0.356270009
GGAGACAGCAGCACCAGCGGTGG,0.281706145
ACATCAAGCTCTTTGGGAAGTGG,0.168170596
GATCAATGACATTTCCCTGCAGG,0.242893731
GCATACCGCCCTGCACTGTGAGG,0.342756678
GCATCATCATGGAGTTAGTGAGG,0.16002464
GAGCAGGTGTATGATCTCGAAGG,0.235765831
CATACACCTGCTCACAGGCGAGG,0.191927085
CGTTCACCAGGACCTGCAGAGGG,0.334168339
AATGCGTGTGGAGTCCTCCCGGG,0.155254107
CGCCGGGACTGTGAGACGACAGG,0.199808464
GACTGTGAGACGACAGGCTGTGG,0.17798953
GCCATCTGGCTGCTGTGCACAGG,0.249345016
GCTGTGCACAGGCGCTCGTGAGG,0.275630408
AATGGTCTTAATGTTCCGGAAGG,0.263455361
ATCTGCCAGGCACTCAGCAATGG,0.313631662
GAAGGACGAGCTGGAGCGTGTGG,0.29481649
AGGGCTTTCTTACAACATACTGG,0.199876427
ACTGTAGTATCAGTCAGTCCAGG,0.165866521
TAAGGAGAGAAGGATATTCCTGG,0.261138245
TGTTACAGACCAAGGAGAACTGG,0.483194421
GGCATTCCTGTTACAGACCAAGG,0.316339499
GTCCGCCTGCTACTGAGTAAGGG,0.250443574
AAGCAGGGTGTCTTGACCCATGG,0.232105392
AGTGGTGGGAACGACAAACAAGG,0.211249468
ATGTGGTCCGAATCAGTGGTGGG,0.408604828
GAAGTTGCTGCTGACGCTCTGGG,0.216143386
AGCGTCAGCAGCAACTTCTGTGG,0.342817367
AATGAGTTTCTGGCAGCCAGTGG,0.322633041
GTTTCTGGCAGCCAGTGGCTGGG,0.178215236
AACATCTCCTTCCCAGCCACTGG,0.331380251
GTTCGAGTCCGGCATCTCCCAGG,0.34260395
GGAGATGAACTCGGACCTCAAGG,0.219847963
CGGACCTCAAGGCTCAGCTCAGG,0.484468276
GCTGAATATTACGGCAGCTAAGG,0.224094107
GCATGTCGTCTTTATCGCTCAGG,0.177864013
GAAGACCAAGTCCTCAAGGATGG,0.231374859
GGTCTTCCCAAGCGAAATTGTGG,0.15412533
CAAAGCACAGCAGAACAATGTGG,0.164617994
GCAGAACAATGTGGAACACAAGG,0.223240439
TGGTGTCTATAAGAAGCTCACGG,0.177380251
ACTCATACTTCCGCTTCTTGTGG,0.176933982
GCGCCCAGCTGCCAACACCAAGG,0.259828653
GCTCGCACCCACCTTGGTGTTGG,0.355825267
ACGGACTGTGTGGATGCGGCGGG,0.427054859
ACAAGAAATACCGTGCCCTGAGG,0.347382383
GCTGGTTCGTACCAAGACCCTGG,0.279449593
CACGATGCAATTCTTCACCAGGG,0.292161192
ACAGCACACCGTACCGACAGTGG,0.413150659
AGTGGGACTCGTACCACTGTCGG,0.348461004
CCAGCTTGGCTCCCTTCTTGCGG,0.168809969
GGAAGTAACACGCACCAGCTTGG,0.223934483
CCTGGAGGAGCAGTTCCAGCAGG,0.174175863
GCTTCAAGGCCGGGACAGTGTGG,0.430544389
TCTGCTCGGCCACACTGTCCCGG,0.368648966
TGTGCTAGAGGGCAAAGAGTTGG,0.225209468
AAGCGGAGCCAACATGCCAGTGG,0.252417242
GAGCCAACATGCCAGTGGCCCGG,0.153362195
CAAACCCAGCTCCGGGCCACTGG,0.205511913
TTTGCGACAAACCCAGCTCCGGG,0.276407085
ATTTCTCGAAGGGTCTCCGCGGG,0.263443073
CACCAGGCGAGTATGGGCTCCGG,0.184872038
TGGGCTCCGGAACAAACGTGAGG,0.431795925
CTGGAGGGTCAAATTTACCCTGG,0.282313794
TACCCTGGCCAAGATCCGCAAGG,0.165905392
AAGCGTCAGCAGTTCCCGGGCGG,0.282955173
CGCTTGATGAGAAGGACCCACGG,0.288248464
GACCCACGGCGTCTGTTCGAAGG,0.266030659
CACCTTCGAACAGACGCCGTGGG,0.181416991
TCCCAGGCAACGCCCTGCTGCGG,0.283681819
CTGCGGCGGCTGGTCCGCATTGG,0.183834671
GGATGAGGGCAAGATGAAGCTGG,0.233947273
GATGAAGCTGGATTACATCCTGG,0.170680565
GCTTGAAGACCTGGGTCTGCAGG,0.16396696
CAAGCCCAGCTTGAAGACCTGGG,0.167003825
CAGCACGCGAGCGTGGTGGATGG,0.191480314
GGCGGATCAGCACGCGAGCGTGG,0.233911662
GGTGGTACCTGATATGGCGCTGG,0.212185142
CCAGGCGGACAATGAAGGACGGG,0.22729022
GGAATCCAGGCGGACAATGAAGG,0.432860502
TGGCATTCTTCCTCTTCACGCGG,0.224294859
CTCGGCAGAAGCGAGACTTTGGG,0.180487482
GTGGATGAGTTTCCGCTTTGTGG,0.082464389
GTTTCCGCTTTGTGGCCACATGG,0.030038057
ATGGCTTCCATATCCGGGTGCGG,0.193022278
TTGATGCGGATGACGTGGAAGGG,0.060393543
AGGACAACATCTTGTTGATGCGG,0.047583888
AGGCACCTCGCATGCCTGTTTGG,0.111744661
ATGCTCCTTGTTCTGCAGCTTGG,0.250186667
AGGGCCAAGTTCAAGTTTCCTGG,0.263071181
CTACATACCTTCTGGCGGCCAGG,0.31794278
AAATTCATCAGCATTGAACTTGG,0.038064138
TTGTCCAGAGGGCCACGATTGGG,0.083835048
GGACAGGAAGTAGAATTTATTGG,0.145343532
ATACAAAGACATAGGTGGACAGG,0.035134107
TGTAGATACAAAGACATAGGTGG,0.132085601
CTTTGTATCTACATTCTTGACGG,0.060565455
GAACTTCCTCTGGGAACCTTTGG,0.12033162
AATGACCCAAAGGTTCCCAGAGG,0.088230283
GTGAAAGGGCAATGACCCAAAGG,0.055982383
TGCCCTTTCACTTCAGAAACAGG,0.160247482
ACAACTCAGCCCTGCTCATGAGG,0.157668046
CCTCCTCTCTCGAAGGTTCCTGG,0.141809238
CGAGAAGCGCTTGTCCTTCTGGG,0.187268172
CTGTGACGAGGCTAAGGCCGTGG,0.167294003
CTTCATTTGGAACTTGATTGTGG,0.036214107
CTCCTCCCAGGTGTTATGTCTGG,0.177384159
TCACCTGGCTGTCAACTTCTTGG,0.105846479
CATGGTGCTCTTGATATATAAGG,0.051725831
ATTCAAATGTGCCTTAATATAGG,0.085793668
CTGTCAGATCCTTTGGCATCCGG,0.138136761
GGCCAAGGCAGAAGAAATCTTGG,0.037158684
AATCTTGGAGAAGGGTCTAAAGG,0.033357179
CGGGAATTTATTTGCCAGGAAGG,0.041930972
GCTCTTACCAGAGAGTTCTCTGG,0.167319206
TTCTGTTTCTTTCTGTCTCTTGG,0.178512561
CCTTGAGGGCTTTGATGATCAGG,0.147671934
CAAGACCATGCCATTCCGGCTGG,0.161114441
CTGCCAGTCCTTGTGGAAGTGGG,0.139867545
CGCGCCGCTGCCAGTCCTTGTGG,0.127699018
TGCGGATCTTACGGGCCGGCTGG,0.066218496
GCGGCGCGCCTTGGCTTGCCGGG,0.061343888
CAGCGCACGATGGGCCGGATGGG,0.030876803
GTGGACTTGTTCCGCCTCCTCGG,0.17155093
CCCTGCAGGCCAACGTGCAGCGG,0.107660272
CATGACCGGTCCGGTCAGCTGGG,0.109429802
AGCCTTCGCTAGTCTCCGTATGG,0.043035298
AGCCAAGGAAGCCGCAGAACAGG,0.057558182
AGGCCATCTCCTGGGCCGCCTGG,0.130685601
GGCGGCCATCGTGGCTAAACAGG,0.149337012
TGTGAAGGCATCAACATTTCTGG,0.081431913
CAGAGCGGCCTGGCCTCGCTTGG,0.338188172
CACCTTGAGACGGTCCAGAGCGG,0.31254604
CGCACGACCTTGAGGGCAGCAGG,0.185834692
CTGGGACTCACCTTTCTTGTAGG,0.293591432
TCCAGCCAACCTCGTGAGCCAGG,0.291173501
CTTATTCTTGGCAGAGGCTACGG,0.128299269
TTGGCAGAGGCTACGGAAACAGG,0.109764974
TTTCTTCTCCACGTTCTTCTCGG,0.11058767
GCGCTTCGTGGAGGTTGGCCGGG,0.271798329
TAGATGTTATTGATCAGAACAGG,0.117708924
AGAAGTATGTCCGACAAGCCTGG,0.047156803
TTCTCTGGCTTCAATCTTCTTGG,0.081131223
TGGGCAGGAACCTTCTGGGCTGG,0.030842696
CTTTCTGGGCAGGAACCTTCTGG,0.036507524
TTTCTGGCCTGTGGCTTTCTGGG,0.241360836
AGGCGCTGCTTTCTGGCCTGTGG,0.106505915
TTGGAGCAGGCGCTGCTTTCTGG,0.116109426
GCACCTGCTCCAAAGGCATCTGG,0.189124724
GCTTTCTTGCCAGATGCCTTTGG,0.142791934
TTGCCGTAAGTTGCACCCTTAGG,0.055734859
GGCTTCGAGCAAACTTTAGCTGG,0.153878454
TTCCTATTCTAGGAGCGAGCTGG,0.030001317
GATTTCTTCTGATAGCTTTATGG,0.165017639
TTGGTGATCCACTGGGTGTCAGG,0.129951181
CACGCATCTCCCTGTGCTTGTGG,0.115526228
GGCCGAAAGAGCCGTGGCCTTGG,0.187056761
TGTGGCCCTTTCCAAGGCCACGG,0.195308423
GTGGCTCTCGCCGGGCAGCTTGG,0.137660021
AGTGAGAGTGAGACTCCATCTGG,0.171975131
GAGTCTCACTCTCACTCAGGTGG,0.129475946
TCAGTTTCTTCTGGGATATCTGG,0.067670408
TTCTGGGCAACCTCCTCTTCTGG,0.203331244
GCAACCTCCTCTTCTGGTTTAGG,0.324302905
TCTTAGGTGCTTTGTTCACTTGG,0.049739624
TTTCTTTCAGGCCAAGCAATGGG,0.030686709
CCACCATTGTAACGTCGGAATGG,0.12188372
CAATCTTCGTGTTCACTTTAAGG,0.136467419
TTTCTAGCATGCAAATCAAGAGG,0.232489363
ACGCTCGAACTTCCGGCCCTTGG,0.03346138
GGACAGTGCCACAGCCCTTAGGG,0.136019896
GATCCTCACTTTCGACCAGCTGG,0.150254253
CTGCCCTGAGGATGCGGCTGCGG,0.037309781
TGCACTGCGCGTGACCAGCCGGG,0.226634191
CCGCCAGCTCACCTTCAGTTTGG,0.069045079
AACTGATGATGTGCGGGTTCAGG,0.222937513
AACCCGCACATCATCAGTTATGG,0.168551181
ATCCGGAAGATGAAGCTTCCTGG,0.218401213
GGCCGCCTCTGTCCCTTTCCCGG,0.219868799
TGTTTATGAGTCGCACCAACCGG,0.028914044
GAATGTGGAGTTGGTTCTTCTGG,0.053611474
TGGCCAGAAACCTGTATAACTGG,0.151353689
TCCCGTCCCTCCAGTTATACAGG,0.114817137
CGCCATGAAGGCCTCGGGCACGG,0.185154316
CAGACCGAGACATGGGTGCCCGG,0.141526479
GTGGGCTCGGGCGCGGTGCCGGG,0.143999708
CTCCACCTTCATGATCTGAATGG,0.181624159
TCGCGGCCAGCAAGTGCCGCCGG,0.291103282
AGCCGGCCGGCGGCACTTGCTGG,0.122308799
GAGGCCCAACACCTTCTTCTAGG,0.162911307
CCTCCGCTGTGGCAAGAAGAAGG,0.118128109
CTTTCCCAGGTCAGCAGATCCGG,0.034208464
ATCCGGAAGCTCATCAAAGATGG,0.24355231
AGCCTGTGACGGTCCATTCCCGG,0.13069325
AAACACCTTGGCCCGCCGGAAGG,0.223156071
CCTGCCCTTCCGGCGGGCCAAGG,0.195898266
TGTGACCTTCTCTGGCATTCGGG,0.258222404
CTCATCCATGTGACCTTCTCTGG,0.118545413
TTACGCCAGGAGCTTCTTGCGGG,0.142109927
CCTGACCAGTGACCAGGCTGAGG,0.058149781
GCGGGCCTCAGCCTGGTCACTGG,0.081694358
ACGGCGCTTGCGTGCTTCCTTGG,0.116780272
GCGCCGTGAAGAGCGCCTCCAGG,0.028176866
CTTGATGATCTCCTCCTTCTTGG,0.320496009
CACGTTTCAGGAAGCTATCTCGG,0.059943386
TGCCAGCATTGGATGCAATCCGG,0.349462404
AATGCAGGTTCTGCCATTACAGG,0.178436949
CCGGAAGACCCAAGGAAATCCGG,0.166644222
ACACCTTCCTTCTTCGCTTTCGG,0.089799562
GCGCTCTTCCGAGGATATTTGGG,0.229198955
GATAGCATAGTGGTCAAGCCTGG,0.184075821
CTGTTTAATCTGGTGCTTGTTGG,0.167444974
TCTTCACAGCCTGTTTAATCTGG,0.180237325
TTATTCCTGCATCTTCTCAATGG,0.171632811
AGAAACCATTGAGAAGATGCAGG,0.064898245
CAAATCTCGCCAAGTAGGAAAGG,0.111952811
GAGATTTGGCTTTCCGTTCGAGG,0.161160711
GCAAAGTAGTCCAGGTTTACAGG,0.154583156
CACTATAAAGGTCAGCAAATTGG,0.113657263
CCTGAACTTCATCATCCTTTCGG,0.029057493
GGCCACGTGAGCCACGGCCACGG,0.041520941
TACCTATGCGGCCGTGGCCGTGG,0.236027545
CCAGCATTACCGCGGCCGCCGGG,0.299279708
ACTATTTGTCGAAGTTGATCCGG,0.197407858
CCTAGCCACCCAGGCTACTTTGG,0.159359959
CTGTCAACCTTGACAAATTGTGG,0.132762592
CTAGGGCTACTACAAAGTTCTGG,0.10004046
TCACGATGACAGGCTGCTTTGGG,0.134780147
AGCTCTTCTGCTGAAGAATTTGG,0.16844209
GAAGCGGCCATGGCCAAACTTGG,0.082141505
GGACCTGCCTCACCTTGCGGAGG,0.153215006
GAGGGTGAGCACCCGCTTCTTGG,0.224442717
AATGACTTTGTCATGCTGAAAGG,0.146997576
TCAGCTTGCCGTCCTTGATAAGG,0.175696009
CAGGGCTACCTTATCAAGGACGG,0.035289593
CAGATTTATAAGATTGGCCAGGG,0.259473187
TGCGCAAGGTGGCCTGTATTGGG,0.232314065
AGGCCACCTTGCGCAGGCCTCGG,0.15310767
CTTCTTGGTGTGCCAACGACTGG,0.183343908
ATGAGATGATCGACGTCATCGGG,0.143215131
GCGGGCCCAGTCCAGCTTCTCGG,0.139079081
CCACAGTGCCTCCGTTCACCTGG,0.202928109
AAGGCATAAATCTAAGAAGAAGG,0.119093501
CTCAGCAAAGACAGTCTTGAAGG,0.201914692
GAAGCCGAGGGACCCATGTCTGG,0.120048485
CAGACAAGGCAAAGCGAAATTGG,0.116888861
CTCACTCACCGTCTTCTTTGCGG,0.139151432
CGTGGAAAGAGCTGCCCAACTGG,0.146286479
CTCTTTCCACGATGGCTTTGCGG,0.182476322
CTTCCAGCTCCTTGACGTTGTGG,0.124391432
GCTCCTTGACGTTGTGGACCAGG,0.075406458
ACATGCTGCCCAGTGGCTTCCGG,0.056521066
AACCCTGTTGTCAATGCCTCTGG,0.102449739
CTGGTGCCGGATGAACTTCTTGG,0.065986646
TGGTGCTTTCCCAACCTTCTTGG,0.04034138
AAACAAAGAAACATGTCAGCAGG,0.123542278
ACGAACACATTTAGCACACATGG,0.126314567
GCTGCTGCTTCTTGGTCTTCAGG,0.050923449
CGCATGGCACGTGTCTTCTTAGG,0.228014504
CACGTGTCTTCTTAGGCCGCAGG,0.108048485
TCTTCTTAGGCCGCAGGTCCAGG,0.216666918
AACTGTGAGAACACGGGCAATGG,0.045785142
GAACACGGGCAATGGATTTCCGG,0.027812226
CACTTACATCTTAGAGAGCTTGG,0.130098266
GGCCGCACCGCCTGTCACTTTGG,0.086584515
TCACTTTGGCGACGCGCAGCTGG,0.177983407
GCTGGGACAGCTCCACCTTCAGG,0.305591808
GTGGCCCTTGTTGAGGCCCACGG,0.154321589
TCACGTTCTTGGTCACTTTGTGG,0.164582404
CCTGGGCTTGCTCACGTTCTTGG,0.166935006
CCGCACGAACTTGGTGTGTTTGG,0.135851369
TTTGAGGGCCCGTTTGTCCTTGG,0.165269175
TCGCACTTCCTCATGGGAGTCGG,0.06394627
ATATACTTCCGTTTGCCTCGCGG,0.107786667
GAAAGAAACCGCGAGGCAAACGG,0.199088861
CATGCTTGCGTGAGCGCTATCGG,0.175192184
CTTGTACTGTGTCACTTTATGGG,0.040237932
CTGTCATAACGCCGCTTTCCTGG,0.164114441
TATCCTTACGGCAATTAACTGGG,0.217511307
ATCCTCTTGGATCTGCAGTTAGG,0.103705037
TTGTGGTCTTAGCCTTCTTCCGG,0.110392937
GATCATAGCGCCTCCTTCCCTGG,0.11832999
CTTTGTATGCCCAGGGAAGGAGG,0.31108209
CCCGACTTTCTTGGTACGTTTGG,0.161868172
CCCTCTAGGTTTGGCAGTGAAGG,0.13152836
AATTTAAGAGTTTATGCAGCAGG,0.1909572
CTCCACTCACATTCCTGGCCTGG,0.271033313
ATTCCTGGCCTGGCGAAGAATGG,0.150172623
CCTGGCGAAGAATGGTGTTCCGG,0.034449969
CGAAGGGCTCTTTGGATCTCTGG,0.261549551
TGTATTAATCATCTTGTGCATGG,0.033634671
TAGATGAATTGTACGGCACTTGG,0.053693982
TTTGGACTGAAAGTGCTTTCCGG,0.138920335
TCCTCATTATAGATGATGCACGG,0.04013674
ACTTTATCTTCAACTACCAAAGG,0.085922195
TTTGTTAGGTCATCGTATTGAGG,0.088349154
CTGGTAGGGCTGAGGCAGCCAGG,0.198425789
TCTACGATGCCAACGGCGCCAGG,0.136030178
TCAGACTAGTGCTGAGTCTTGGG,0.054328841
TGAACAAAGTTCACAATATCTGG,0.103402216
CACTTTGCCTGCTGTATTCAAGG,0.029796678
TGTTAAAGTTGTTAAGAATAAGG,0.161580648
ATATTGTACTGGCCTGCTGCTGG,0.232629175
CTGGCCTGCTGCTGGCCCGCAGG,0.05654138
TGGCCTGCTGCTGGCCCGCAGGG,0.030476301
GAAAGCATTGATGGTCAGCCAGG,0.17469651
GCATGTAATCTGCAACATTCTGG,0.104997075
TGTCGAAGATCTCACCTTCCTGG,0.041449217
GATCTCACCTTCCTGGTGTCTGG,0.105454504
AAGTGGCAATGACAAATTTCTGG,0.131000962
TTCTGGTGTGTTCTTCGTAGAGG,0.310638579
AGCCACTAGCCAGCTGCTTCAGG,0.130297263
TCCAGTGAGGATGATCAGAATGG,0.079596803
TTTCTCACGTGCTGACTGAAGGG,0.099679582
TCTTCAGTAGGATAATATCTAGG,0.191185789
TTCTAATAAGCCTGTTGATCTGG,0.029597305
GCTTTGATTGCTCGATCTCTTGG,0.210177513
TTCATTTACTGACTTCAGATTGG,0.088201568
AGGCTTCGATTAACATGCTGAGG,0.151564724
AGTGAGCCCAAAGGTTCGAAAGG,0.118694253
TCTGATGACAAACGCCAATTTGG,0.281451745
TTTCTTTCTGCCCAGCCGAAAGG,0.135461275
CCGCTGCAACCTGATATAGCGGG,0.067985894
TTTCAGCCGCTTATAGAGGATGG,0.415281965
TGTTTGGCGGTCCAGGGCCTGGG,0.088792916
CCTCACCTGTTTGGCGGTCCAGG,0.246427921
AGCTTAAGCAGCTGAGTAGCTGG,0.124836322
TTCTTCTCTTGCTTTGTCTCTGG,0.182933626
AGAAGCAGAGACTGTTGGCCCGG,0.149149426
TTTGCCAGCAGCCTTCTTCTCGG,0.173071432
TATCAAGGGAAAGGCAAGACTGG,0.123692372
CAAAGGCGCTTTGGCTAAGCTGG,0.116900272
CTAAGCTGGTGGAAGCTATCAGG,0.03423116
ATCGTATCTGTCATTGTAATTGG,0.029849342
CTCATTGCTGCCCGCCGGACTGG,0.072639436
AGACCCACTTTGCGGCCAGCAGG,0.214633438
TCAAGATGGGTTTGTCAATTCGG,0.076002446
CTCACCAACCACAGCTCTGTTGG,0.155842341
GGCTGAGGAGATAACCTTCTTGG,0.053249969
AGCCGGAGGGCAGCTTCACACGG,0.064979499
CAGCTTCACACGGGTCTTCTTGG,0.027782885
ACACGGGTCTTCTTGGTCTCAGG,0.143671307
CTCAGGGTTGTGGGAGATAACGG,0.14898115
GCCAGCTTGCCACGGTCTCCAGG,0.069025643
TGCTGCCTGGAGGAGAAGCCTGG,0.168725727
GCACATTGCCAATGTTGAGCTGG,0.111242592
TTTGTGTATTGCGGCAAGAAGGG,0.313462655
TGCCGCCGAGGGCATTCACACGG,0.030025894
TCTTAAACCGATACGGATCCCGG,0.212115695
CCTCGCCAAGGTGGTCTTCCGGG,0.309669426
ATCATCCACGACCCGGGCCGCGG,0.191726479
ATTGAGCTTGTTTCAAATTCAGG,0.135875821
AAGGATTAATTCATCTTTCTGGG,0.247786166
CTCCTGGATAACAACGTTGATGG,0.084915173
AATGTAGAACTCAGCCTTCTTGG,0.072078935
CTCTTACAGAGAGGCGGATTTGG,0.061829405
GATACTCACAAACTGGAATTCGG,0.249103532
CCCAGCCTCGGCTTTCTTGTCGG,0.203178893
ACTGGCAGGCCTCGGCCTAAAGG,0.142450742
GGCCGAGGCCTGCCAGTCTCTGG,0.116073814
CGGCTACGGCGTAGGGTGGCAGG,0.058968214
ACTGTTCCTTCACGTAGCCTCGG,0.171008987
ATGGCAATCCGGTTCTTCTTAGG,0.118747419
CGGGAAGATGGCGGACATTCAGG,0.196382153
AAACAAGAAGAGGGTCCTGCTGG,0.158833814
AGGGTCCTGCTGGGAGAAACTGG,0.237650366
CGATGTTCTTGTAGTACCGCGGG,0.138866416
ACTGGTAATGTGTCCATTCGAGG,0.119860774
CTCCACAGGGACGTCCAGATCGG,0.074550408
CTGTGACGATGTCACCGATCTGG,0.073180251
CTTCTTGGTGCCGGCAGCCTTGG,0.168887357
GTAACCCACCGCCATGGCCGAGG,0.167736887
CCACCGCCATGGCCGAGGAAGGG,0.162207106
GGCTCACCCTTCCTCGGCCATGG,0.083592916
CATTGCTGCTGGAGGTGTAATGG,0.141509426
CTTCGCGAATTCCACGTGCTAGG,0.242395695
GATTTGGTGTTCAGCACAAAGGG,0.069740377
TTACCTTAATTAGGTTGATTTGG,0.07789185
TTAGCAGCCTTACCTTAATTAGG,0.078817117
TTGCAGTTGTGTAGTAGTTAAGG,0.181493752
ACAGACAAATTTATGCGACCAGG,0.262004598
TCTTATAATATCGAGCCAAACGG,0.187809112
ATCGAGCCAAACGGTGAATCCGG,0.137198203
ATTAAATGGTAGAGATCTTCAGG,0.204733501
TTAAGAATTCTTAAGTCTAAGGG,0.167444598
CACCGATCTGTGAAGGAGTAAGG,0.121097639
TGAAGGAGTAAGGCCCTTCTTGG,0.030645455
ATTTACAAACTGGCCAAGAAGGG,0.112950429
TCTTCATACCCGAGCGGGCAAGG,0.048563825
CCTCAGAGCCCTTGCCCGCTCGG,0.06076859
CAAGGGCTCTGAGGGCCGACTGG,0.043884076
TACCCAGCTCCTTGCACCTCTGG,0.05611417
TGCTGCTATGTTGGCTGCCCAGG,0.174399081
GCTGAAGGAGAGAATGTATTTGG,0.056345016
CGTGGACCTCGACCAGCTGCTGG,0.352415131
CAGCTGCATCAGCTGCTCGCTGG,0.144533125
GCGCCTGCGCAAGGCCAAGAAGG,0.168655131
CATGGGCGGCGCCTCCTTCTTGG,0.050364076
AGGTGCGTCTTCACCACTTCCGG,0.147919081
CTTGATCTCCACCTGGTTGAAGG,0.086503637
CTCCCGCAGCCCGAGATGATCGG,0.169246981
GCCGGGCCGGCCATGCTTTACGG,0.181268172
AAAGGCCAACTTACCCAAACTGG,0.28364347
TGCTTCCATCCCGCCAGTTTGGG,0.174884222
TTTGAGTTGCACGTCAAATCTGG,0.139145664
CCTTGTTTAGCCTGCCTGTGAGG,0.124566354
TCATTGATGACCACAGAGCTGGG,0.041321944
GCAAACGCCAGGTGCTTATTAGG,0.136499771
TGGTAGCGAGCGCGGGCACCAGG,0.086222508
GATGTCTTTGATCTCCTTCTTGG,0.045160816
CCCATGCTCACTCACATTTCTGG,0.100820523
ATTTCTGGTAATAGGCCACCAGG,0.134176761
CCTGGGACTCACCATAAATCTGG,0.086649091
GGTCACGTGGCCCAGATTTATGG,0.133067294
GACATCCGTGTCCGTGTAAAGGG,0.077444577
CTCGGCAAGGAGCGATTTGCTGG,0.15560184
CTGCAGTCTGTGCAGGTCTTCGG,0.117337764
CGGCAGTCTGTCCAACCTTCAGG,0.040624013
TTCAGCATTTCCTTAGTGTCAGG,0.082465016
TTCCTTGTAGGTCTCAGCCTTGG,0.157645476
CTCCTCCTCCTGCAGCTTGATGG,0.078705142
TATCTCCATCAAGCTGCAGGAGG,0.040735863
TTGATGGAGATACCTCTTACTGG,0.05413022
CACGAACAAGCGCGTGTGCGAGG,0.03999279
GACCCGGGCCGCCTTCTTCACGG,0.197343156
CCCTACTTCACTTACCTTAATGG,0.028804452
AGTGAGTTCTCCCGCCCTCTTGG,0.17465626
TGGTCTTGGTGTGCTGGCCTCGG,0.060316176
GGCCGCCGTGGCCGCACCGTGGG,0.187268172
ACACACCCACGGTGCGGCCACGG,0.112852122
TTTCTTCTTGGACACACCCACGG,0.180693376
AGTCTCCGTGCAGCGGACTCAGG,0.267299018
ATTCACCAAGTCTCCCTATCAGG,0.235778391
AATGGCATCAAAGGTGGCCTTGG,0.119522341
TGCCACCAGCCTACCTTGCAAGG,0.323307169
GATGGCGGTGGCCACCTCCTTGG,0.122404974
CGCAGGCATTTGTTGCTATCGGG,0.158202341
CGACCGACGCGTACCTTAATAGG,0.215891745
GACGCGTACCTTAATAGGCAGGG,0.071033292
TGGATGCCCGTCACCAAGTTGGG,0.256594191
AGCTCGCGGAGGCAAGGCCGAGG,0.235593689
CACTTCTCAAAGTGTACTGCTGG,0.052165831
CTGCTGGCCCTCTGTATCCATGG,0.07586953
TTGTTAGGGTGATTCGAATTCGG,0.160090366
AATTGCCACCTCCGGCTCCACGG,0.040997932
GAATAGGCTGCACGTGGCCGCGG,0.217922592
GCACAGTTAGTGCAGCGAATAGG,0.114329614
TTCTTAATGGCCTTGTCCTTGGG,0.073388527
TCGAATGACGAATTTCTTAATGG,0.106596698
ATTCGTCATTCGAAACATAGTGG,0.127638579
ACTCACCGCAGGTCTAAATCGGG,0.186526479
CTCCTTACATGGGCTTTGGTGGG,0.03055116
ACATCCATGAAGTAGGAATTGGG,0.316152561
TTCCTCCTGAAGGAACATCCTGG,0.18029952
CAGCAGAGACTGATCTTTGCTGG,0.18584347
GATCTTTGCTGGCAAGCAGCTGG,0.038267524
GGCTCACCTTATAATATTTCAGG,0.107030303
TCATACAGTTACTTGTCTTCTGG,0.109395946
GAGATGGGTGTCACCTCCATAGG,0.071450847
CACCTCCATAGGCAGTGCCAAGG,0.037240063
GTCTTCCTTGGCACTGCCTATGG,0.047263261
AGTGCCAAGGAAGACAGCTCAGG,0.120301275
ACATATTGAGGCCATATTTCCGG,0.228778391
CACGGTCTGATCCGGAAATATGG,0.05410138
GAGGCTCACCTTCCTCTTCTTGG,0.118780523
TTGGATTAGTTTGTCGCTGATGG,0.112725977
AAATCATTATCTTAGCCACCAGG,0.20229651
CCCAGAACACAGAATGTTCTTGG,0.126457012
GTGAGAAGGGCCGGCGGATTCGG,0.035397932
GGCTGCGAGGTTGTGGTGTCTGG,0.064201317
CAGGCCATCCACAAACTTCATGG,0.11842278
ATGCTGCCCTGGGACCCAACTGG,0.213062153
TCCACAATGCTCACGTGGTCAGG,0.143098517
TGGGTTCCACAATGCTCACGTGG,0.102053376
TTTCTTATATTGAACATAGCAGG,0.058917932
ATGTTCAATATAAGAAATATTGG,0.043770596
TTTGTAGAAATTGCATCTGATGG,0.106729488
TTGCTTCGTCTGTTCTGTGTTGG,0.032529217
ACCAACAGGTCCGCCAAATCCGG,0.086624264
TTTGTCTCTCTCTTCAGCAATGG,0.165255633
CTGCCTAGGTAACCTGTGTATGG,0.035673417
TGATACCATTCAGATTGATTTGG,0.28925651
CAAAGTGAGAAAGATCTTTGTGG,0.084497493
TTCTTACCCATGAATCCAGCAGG,0.081768715
AGCTCCAAAGCATTGGATGCTGG,0.244959332
TTAGTGAGGCGCTCCACAATGGG,0.028225894
CCAGGCTCACCTGGTTCACACGG,0.194928861
TGCTGTCTTCCTAGGCCATCTGG,0.234877075
CAGCTCGTCCTTCTTCTTAATGG,0.215513313
GTCTCTTCGCAATTTGTTCCTGG,0.161479081
TAGACTAACCTTCATTCTCTTGG,0.132037451
TACGCCGCCGTTTGTGCTGCAGG,0.200742404
ATCTTGGGTGCTTTGGTCCTAGG,0.223843093
ACTACAGTGCCTCGCCGCCTGGG,0.048919687
AAATCTGAGCGTTCTCAACTTGG,0.146257263
GTAGCAGGCGGACACGGCCATGG,0.145226918
TGTCGTTCCCACCACTGATTCGG,0.215207482
CGTCCACTTCAATGAGTTTCTGG,0.043425518
CTCGTCCGGCTTCTCGCCATTGG,0.160897388
AAGCCGGACGAGTTCGAGTCCGG,0.102384285
TTTCTTTAGGAAATTGAAGTTGG,0.136124974
TTCTGGAAAGATTTCAGTTGAGG,0.041978496
ATTCGCGTACTAGCCGGACTTGG,0.11629626
TCTCCAATTCGCGTACTAGCCGG,0.104565225
CGATGCCATCCTTGAGGACTTGG,0.212040962
TTGTTTACAATTGAAACTCTGGG,0.208543658
TTCCACATGCAGGCATCTCTCGG,0.042951787
TACTTCCGCTTCTTGTGGTAGGG,0.087977743
GCAATTCTTCACCAGGGTCTTGG,0.231042592
AAGAGTTGGAGTTCTATCTTAGG,0.185641087
TCGAGACGAGATTTCTCGAAGGG,0.16940999
GACCAAGAGCTGAAGCTGATCGG,0.319151808
CCAAGATCCGCAAGGCCGCCCGG,0.05454138
GCAGTTCCCGGGCGGCCTTGCGG,0.200919081
CAACGCCCTGCTGCGGCGGCTGG,0.287346166
CTAAGAAATCCTCTATCTTCAGG,0.209103156
TGATCCGCCAGCGCCATATCAGG,0.061508026
ATCCGAGGTGGTACCTGATATGG,0.181219394
TCTCTCTGCGCTCTCCCTACGGG,0.045964577
